place,child_lat,child_lon,current_name,type,parent_node,parent_lat,parent_lon,is_single,creation_date,comment,oblast,
Крайовий провід Західних українських земель,49.839683,24.029717,Львів,kray,Провід ОУН,,,TRUE,1942-01-01 00:00:00,,Львівська,
Житомир,50.25465,28.6586669,,"oblast, raion",,,,TRUE,1941-07-11 00:00:00,,Житомирська,
Житомир,50.25465,28.6586669,,"oblast, raion",Київ,50.4501,30.5234,FALSE,1941-10-01 00:00:00,,Житомирська,
Троянів Житомирського р-ну,50.113333,28.523056,Троянів,raion,Житомир,50.25465,28.6586669,FALSE,1941-07-11 00:00:00,,Житомирська,
Попільня (за ін. даними центр округи був в Андрушівці),49.9451487,29.4560736,,"okruga, raion",Житомир,50.25465,28.6586669,FALSE,1941-07-11 00:00:00,,Житомирська,
Андрушівка,50.0312719,29.0216369,,raion,Попільня,49.9451487,29.4560736,FALSE,1941-07-11 00:00:00,,Житомирська,
Вчорайше,49.8633246,29.1444626,,raion,Попільня,49.9451487,29.4560736,FALSE,1941-26-07,,Житомирська,
Корнин,50.0920849,29.5436691,,raion,Попільня,49.9451487,29.4560736,FALSE,1941-12-01 00:00:00,,Житомирська,
Ружин,49.7220862,29.2112498,,raion,Попільня,49.9451487,29.4560736,FALSE,1941-07-18 00:00:00,,Житомирська,
Бердичів,49.9106591,28.5900313,,"okruga, raion",Житомир,50.25465,28.6586669,FALSE,1941-07-16 00:00:00,,Житомирська,
Чуднів,50.05569300000001,28.1177,,raion,Бердичів,49.9106591,28.5900313,FALSE,1941-08-01 00:00:00,,Житомирська,
Янушпіль,49.8617413,28.2095746,Іванопіль Чуднівського р-ну,raion,Бердичів,49.9106591,28.5900313,FALSE,1941-08-01 00:00:00,,Житомирська,
с. Стрибіж Пулинського р-ну (центр Червоноармійського р-ну ОУН),50.3965872,28.1603933,Червоноармійський р-н - нині Пулинський,"okruga, raion",Житомир,50.25465,28.6586669,FALSE,1941-07-11 00:00:00,,Житомирська,
Хорошів (екс-Володарськ-Волинський),50.6013484,28.4338013,,raion,Стрибіж,50.3965872,28.1603933,FALSE,1941-07-11 00:00:00,,Житомирська,
Бараші Ємільчинського р-ну,50.7134086,28.0232983,,raion,Стрибіж,50.3965872,28.1603933,FALSE,1941-07-11 00:00:00,,Житомирська,
Черняхів,50.454046,28.6735505,,raion,Стрибіж,50.3965872,28.1603933,FALSE,1941-07-11 00:00:00,,Житомирська,
Звягель (провід округи був у м. Корці Рівненської обл.),50.586020,27.6363775,Новоград-Волинський,"okruga, raion",Рівне,50.614969,26.2829262,FALSE,1941-08-01 00:00:00,"Провід округи був у Корці Рівненської обл. Імовірно входила до Волинського крайового проводу. Відповідно, як позначити її зв'язок - хз",Житомирська,
Ярунь Новоград-Волинського р-ну,50.5444572,27.4705256,,raion,Корець Рівненської обл.,50.6227649,27.1614453,FALSE,1941-08-01 00:00:00,,Житомирська,
Городниця Новоград-Волинського р-ну,50.8105808,27.3166945,,raion,Корець Рівненської обл.,50.6227649,27.1614453,FALSE,1941-08-01 00:00:00,,Житомирська,
Коростень,50.9532135,28.6457544,,"okruga, raion",Житомир,50.25465,28.6586669,FALSE,1941-08-08 00:00:00,,Житомирська,
Чоповичі,50.8341358,28.9512311,,raion,Коростень,50.9532135,28.6457544,FALSE,1941-08-08 00:00:00,,Житомирська,
Малин,50.7696795,29.2604876,,raion,Коростень,50.9532135,28.6457544,FALSE,1941-07-23 00:00:00,,Житомирська,
Овруч,51.3268314,28.8028968,,okruga,Житомир,50.25465,28.6586669,FALSE,1941-08-23 00:00:00,,Житомирська,
Радомишль,50.4965282,29.2337369,,raion,???,,,TRUE,1941-12-01 00:00:00,,Житомирська,
Брусилів,50.2875741,29.5094362,,raion,???,,,TRUE,1941-08-01 00:00:00,,Житомирська,
Проскурів,49.422983,26.9871331,Хмельницький,"oblast, okruga, raion",,,,TRUE,1941-07-17 00:00:00,,Хмельницька,
Проскурів,49.422983,26.9871331,Хмельницький,"oblast, okruga, raion",Київ,50.4501,30.5234,FALSE,1941-10-01 00:00:00,,Хмельницька,
Деражня,49.2672882,27.4321477,,raion,Проскурів,49.422983,26.9871331,FALSE,1941-08-01 00:00:00,,Хмельницька,
Чемерівці  (надрайонний провід),49.0186498,26.3397803,,nadraion,Проскурів,49.422983,26.9871331,FALSE,1941-07-17 00:00:00,,Хмельницька,
Оринин Кам'янець-Подільського району,48.7629336,26.3908792,,raion,Проскурів,49.422983,26.9871331,FALSE,1941-07-17 00:00:00,,Хмельницька,
Кам'янець-Подільський,48.6967162,26.5825364,,okruga,Проскурів,49.422983,26.9871331,FALSE,1941-07-19 00:00:00,,Хмельницька,
"с. Кадиївці Кам'янець-Подільського р-ну 
(Кам'янець-Подільський окружний провід)",48.7076244,26.4403741,,okruga,Кам'янець-Подільський,48.6967162,26.5825364,FALSE,1941-07-19 00:00:00,,Хмельницька,
Летичів,49.385028,27.6242251,,"okruga, nadraion, raion",Кам'янець-Подільський,48.6967162,26.5825364,FALSE,1941-08-01 00:00:00,,Хмельницька,
Меджибіж,49.4389042,27.4042153,,raion,Летичів,49.385028,27.6242251,FALSE,1941-08-01 00:00:00,,Хмельницька,
Дунаївці  (надрайонний провід),48.8922474,26.8603864,,nadraion,Летичів,49.385028,27.6242251,FALSE,1941-07-19 00:00:00,,Хмельницька,
Старокостянтинів,49.7546828,27.2121595,,okruga,Проскурів,49.4237091,26.9821989,FALSE,1941-07-18 00:00:00,,Хмельницька,
Остропіль,49.8077202,27.5558184,Старий Остропіль Старокостянтинівського р-ну,raion,Старокостянтинів,49.7546828,27.2121595,FALSE,1941-07-18 00:00:00,,Хмельницька,
Стара Синява,49.596605,27.6251725,,raion,Старокостянтинів,49.7546828,27.2121595,FALSE,1941-07-18 00:00:00,,Хмельницька,
Гриців Шепетівського р-ну,49.97618929999999,27.2264289,,raion,Старокостянтинів,49.7546828,27.2121595,FALSE,1941-07-18 00:00:00,,Хмельницька,
Красилів,49.64920230000001,26.9757217,,raion,Старокостянтинів,49.7546828,27.2121595,FALSE,1941-07-18 00:00:00,,Хмельницька,
Ярмолинці,49.189578,26.8447254,,"okruga, raion",Кам'янець-Подільський,48.6967162,26.5825364,FALSE,1941-07-19 00:00:00,,Хмельницька,
Солобківці,49.0860047,26.9212431,,raion,Ярмолинці,49.189578,26.8447254,FALSE,1941-07-19 00:00:00,,Хмельницька,
Волочиськ,49.5345161,26.2093072,,raion,Ярмолинці,49.189578,26.8447254,FALSE,1941-07-03 00:00:00,,Хмельницька,
Ляхівці,50.003272,26.415107,Білогір'я,raion,Ярмолинці,49.189578,26.8447254,FALSE,1941-07-19 00:00:00,,Хмельницька,
Ізяслав,50.1191124,26.8281141,,raion,Ярмолинці,49.189578,26.8447254,FALSE,1941-07-19 00:00:00,,Хмельницька,
Славута,50.2969058,26.8600648,,raion,???,,,TRUE,1941-08-01 00:00:00,,Хмельницька,
Довжок,48.6747626,26.5297693,,raion,???,,,TRUE,1941-07-19 00:00:00,,Хмельницька,
Шепетівка,50.1757487,27.0559924,,raion,???,,,TRUE,1941-07-19 00:00:00,,Хмельницька,
Київ,50.4501,30.5234,,"kray, oblast",Львів,49.839683,24.029717,FALSE,1941-10-01,,Київська,
Біла Церква Київської обл.,49.7967977,30.1310853,,"okruga, raion, nadraion",,,,TRUE,1941-08-01 00:00:00,,Київська,
Біла Церква Київської обл.,49.7967977,30.1310853,,"okruga, raion, nadraion",Київ,50.4501,30.5234,FALSE,1941-10-01 00:00:00,,Київська,
Великополовецьке Київської обл.,49.8700306,29.94314079999999,,raion,Біла Церква,49.7967977,30.1310853,FALSE,1941-08-01 00:00:00,,Київська,
Гребінки Київської обл.,49.9550557,30.1778779,,raion,Біла Церква,49.7967977,30.1310853,FALSE,1941-08-01 00:00:00,,Київська,
Узин Київської обл.,49.82478829999999,30.4053369,,raion,Біла Церква,49.7967977,30.1310853,FALSE,1941-08-01 00:00:00,,Київська,
Рокитне Київської обл.,49.6911802,30.4780154,,raion,Біла Церква,49.7967977,30.1310853,FALSE,1941-08-01 00:00:00,,Київська,
Ставище Київської обл.,49.3909134,30.1988199,,raion,Біла Церква,49.7967977,30.1310853,FALSE,1941-08-01 00:00:00,,Київська,
Володарка Київської обл.,49.5265342,29.9197237,,raion,Біла Церква,49.7967977,30.1310853,FALSE,1941-08-01 00:00:00,"Районного проводу не було, лише два кущові проводи.",Київська,
Сквира Київської обл.,49.7328752,29.6642903,,raion,Біла Церква,49.7967977,30.1310853,FALSE,1941-08-01 00:00:00,,Київська,
Тетіїв Київської обл.,49.3663943,29.6583812,,raion,Біла Церква,49.7967977,30.1310853,FALSE,1941-08-01 00:00:00,,Київська,
Тараща Черкаської обл.,49.347264,31.1215659,,raion,Біла Церква,49.7967977,30.1310853,FALSE,1941-08-01 00:00:00,До грудня 1942 р. мав зв'язок з БЦ окружним проводом,Київська,
Васильків Київської обл.,50.1770891,30.3196385,,"okruga, raion, nadraion",,,,TRUE,1941-08-01 00:00:00,,Київська,
Васильків Київської обл.,50.1770891,30.3196385,,"okruga, raion, nadraion",Київ,50.4501,30.5234,FALSE,1941-10-01 00:00:00,,Київська,
Фастів Київської обл.,50.0637682,29.90496839999999,,raion,Васильків,50.1770891,30.3196385,FALSE,1941-08-01 00:00:00,,Київська,
Обухів Київської обл.,50.109938,30.6298846,,raion,Васильків,50.1770891,30.3196385,FALSE,1941-08-01 00:00:00,,Київська,
Бишів Київської обл.,50.264608,29.8835744,,raion,Васильків,50.1770891,30.3196385,FALSE,1941-07-10 00:00:00,,Київська,
Макарів Київської обл.,50.4573262,29.8126551,,raion,Васильків,50.1770891,30.3196385,FALSE,1941-07-10 00:00:00,"незрозуміло, яка округа. Можливо, Васильківська.",Київська,
Ржищів Київської обл.,49.9657673,31.0432748,,raion,???,,,TRUE,1941-08-21 00:00:00,"незрозуміло, яка округа",Київська,
Переяслав Київської обл.,50.0715832,31.4501543,,"okruga, raion",Київ,50.4501,30.5234,FALSE,1941-09-17 00:00:00,,Київська,
Бориспіль Київської обл.,50.3482,30.95615,,raion,Переяслав,50.0715832,31.4501543,FALSE,1941-09-20 00:00:00,,Київська,
Березань Київської обл.,50.3070969,31.46433,,raion,Переяслав,50.0715832,31.4501543,FALSE,1941-09-17 00:00:00,,Київська,
Баришівка Київської обл.,50.350705,31.3188908,,raion,Переяслав,50.0715832,31.4501543,FALSE,1941-09-21 00:00:00,,Київська,
Кагарлик Київської обл.,49.8620646,30.8192399,,raion,Біла Церква,49.7967977,30.1310853,FALSE,1941-08-03 00:00:00,осередки в селах району,Київська,
Бровари Київської обл.,50.511083,30.7909,,raion,Переяслав,50.0715832,31.4501543,FALSE,1941-09-19 00:00:00,осередки в селах району Семиполки та Вигурівщина.,Київська,
Умань Черкаської обл.,48.74939269999999,30.2214499,,"okruga, raion",,,,TRUE,1941-08-01 00:00:00,,Київська,
Умань Черкаської обл.,48.74939269999999,30.2214499,,"okruga, raion",Київ,50.4501,30.5234,FALSE,1941-10-01 00:00:00,,Київська,
Бабанка Черкаської обл.,48.710098,30.4502572,,raion,Умань,48.74939269999999,30.2214499,FALSE,1941-08-01 00:00:00,,Київська,
Христинівка Черкаської обл.,48.8117212,29.9738949,,raion,Умань,48.74939269999999,30.2214499,FALSE,1941-08-01 00:00:00,,Київська,
Тальне Черкаська обл.,48.887593,30.7044131,,raion,Умань,48.74939269999999,30.2214499,FALSE,1941-08-01 00:00:00,,Київська,
Маньківка Черкаська обл.,48.9614468,30.3375126,,raion,Умань,48.74939269999999,30.2214499,FALSE,1941-08-01 00:00:00,,Київська,
Ладижинка Черкаська обл.,48.5397574,30.23984,,raion,Умань,48.74939269999999,30.2214499,FALSE,1941-08-01 00:00:00,,Київська,
Буки Черкаської обл.,49.0945366,30.4050589,,raion,Умань,48.74939269999999,30.2214499,FALSE,1941-08-01 00:00:00,,Київська,
Підвисоке Новоархангелського р-ну Кіровоградської обл.,48.5761317,30.672081,,raion,Умань,48.74939269999999,30.2214499,FALSE,1941-08-01 00:00:00,Уманський окружний провід. До 1959 р. райцентр.,Київська,
Гайсин Вінницької обл.,48.8139473,29.3812035,,raion,Умань,48.74939269999999,30.2214499,FALSE,1941-08-01 00:00:00,Уманський окружний провід.,Київська,
Теплик Вінницької обл.,48.6633108,29.75078139999999,,raion,Умань,48.74939269999999,30.2214499,FALSE,1941-08-01 00:00:00,Уманський окружний провід.,Київська,
Джулинка Бершадського р-ну Вінницької обл.,48.4385377,29.75091,,raion,Умань,48.74939269999999,30.2214499,FALSE,1941-07-28,Уманський окружний провід. У 1924-1959 рр. райцентр,Київська,
Черкаси,49.444433,32.059767,,okruga,Київ,50.4501,30.5234,FALSE,1941-09-01 00:00:00,,Київська,
Корсунь(-Шевченківський) Черкаської обл.,49.4261119,31.2618527,,okruga,Київ,50.4501,30.5234,FALSE,1941-09-01 00:00:00,,Київська,
Богуслав,49.5405738,30.8772055,,raion,Корсунь,50.4501,30.5234,FALSE,1941-09-01 00:00:00,Спершу входив до складу Корсунської округи. Від жовтня 1943 р. - у складі БЦ округи.,Київська,
Лисянка Черкаської обл.,49.2626871,30.830724,,raion,Корсунь,49.4300146,31.3117628,FALSE,1941-09-01 00:00:00,"У жовтні 1943 р. Богуславський, Лисянський і Миронівський р-ни підпорядкували БЦ окрузі.",Київська,
Шпола Черкаської обл.,48.9969392,31.4022422,,raion,Корсунь,49.4300146,31.3117628,FALSE,1941-09-01 00:00:00,,Київська,
Миронівка Київської обл.,49.665033,30.9894691,,raion,Корсунь,49.4300146,31.3117628,FALSE,1941-09-01 00:00:00,,Київська,
Канів Черкаської обл.,49.751033,31.4697,,raion,Корсунь,49.4300146,31.3117628,FALSE,1941-09-01 00:00:00,,Київська,
Звенигородка Черкаської обл.,49.0762064,30.9699903,,"okruga, raion",Київ,50.4501,30.5234,FALSE,1941-09-01 00:00:00,,Київська,
Кам'янка Черкаської обл.,49.0306474,32.1150933,,raion,Звенигородка,49.0762064,30.9699903,FALSE,1941-09-01 00:00:00,,Київська,
Жашків Черкаської обл.,49.2462205,30.10178999999999,,raion,Звенигородка,49.0762064,30.9699903,FALSE,1941-09-01 00:00:00,,Київська,
Сміла,49.227717,31.8522329,,raion,Звенигородка,49.0762064,30.9699903,FALSE,1941-09-01 00:00:00,,Київська,
Суми,50.9077,34.7981,,oblast,Київ,50.4501,30.5234,FALSE,1942-01-01 00:00:00,,Сумська,
Краснопілля,50.7671084,35.26766600000001,,"okruga, raion",Суми,50.9077,34.7981,FALSE,1942-01-01 00:00:00,,Сумська,
"Білопілля, Сумська область",51.16621413394828,34.31327285439567,,raion,Краснопілля,50.76702485303366 ,35.26254680839656,,1942-01-01 00:00:00,,Сумська,
Миропілля,51.025581776099656,35.26128431808294,,raion,Краснопілля,50.76702485303366 ,35.26254680839656,,1942-01-01 00:00:00,,Сумська,
Улянівка,50.97298927521446 ,34.296396932586354,,raion,Краснопілля,50.76702485303366 ,35.26254680839656,,1942-01-01 00:00:00,,Сумська,
м. Ворожба,51.16503495814101 ,34.23404399696106,,raion,Краснопілля,50.76702485303366 ,35.26254680839656,,1942-01-01 00:00:00,,Сумська,
Ромни,50.7415087,33.4809526,,"okruga, raion",Суми,50.9077,34.7981,FALSE,1942-01-01 00:00:00,,Сумська,
Лебедин,50.5837638,34.4904643,,raion,Краснопілля,50.9077,34.7981,FALSE,1942-03-01 00:00:00,,Сумська,
Конотоп,51.2409432,33.2050521,,"okruga, raion",Суми,50.9077,34.7981,FALSE,1942-03-01 00:00:00,,Сумська,
Кролевець,51.5489435,33.3860497,,raion,Конотоп,51.2409432,33.2050521,FALSE,1942-03-01 00:00:00,,Сумська,
Дубов'язівка,51.1296375,33.3778584,,raion,Конотоп,51.2409432,33.2050521,FALSE,1942-03-01 00:00:00,,Сумська,
Глинськ,50.616691747010215 ,33.32346106911308,,raion,Ромни,50.7415087,33.4809526,,1942-01-01 00:00:00,,Сумська,
Талалаївка Чернігівської обл.,        50.8405502663909,33.13698549558325,,raion,Ромни,50.7415087,33.4809526,,1942-01-01 00:00:00,,Сумська,
Недригайлів,50.83106091453391,33.87441106596998,,raion,Ромни,50.7415087,33.4809526,,1942-01-01 00:00:00,,Сумська,
Липова Долина,50.56574392906429 ,33.79201373600005,,raion,Ромни,50.7415087,33.4809526,,1942-01-01 00:00:00,,Сумська,
Кіровоград,48.50793300000001,32.262317,Кропивницький,"oblast, raion",,,,TRUE,1941-08-05 00:00:00,,Кіровоградська,
Кіровоград,48.50793300000001,32.262317,Кропивницький,"oblast, raion",Дніпро,48.464717,35.046183,FALSE,1941-09-03 00:00:00,,Кіровоградська,
Олександрівка,48.9627867,32.2247365,,"okruga, raion",Кропивницький,48.50793300000001,32.262317,FALSE,1941-08-05 00:00:00,,Кіровоградська,
Чигирин Черкаської обл.,49.0730544,32.6617808,,raion,Олександрівка,48.96307204460211,32.21997742127657,FALSE,1941-08-05 00:00:00,,Кіровоградська,
Олександрія,48.66327039999999,33.0967875,,"okruga, raion",Кропивницький,48.50793300000001,32.262317,FALSE,1941-09-02 00:00:00,,Кіровоградська,
Онуфріївка,48.90580430000001,33.4527302,,raion,Олександрія,48.66327039999999,33.0967875,FALSE,1941-08-05 00:00:00,,Кіровоградська,
Знам'янка,48.7192002,32.6770961,,raion,Олександрія,48.66327039999999,33.0967875,FALSE,1941-08-05 00:00:00,,Кіровоградська,
Новогеоргіївськ, 49.083820 ,33.084803,"нині не існує, затоплений водосховищем",raion,Олександрія,48.66327039999999,33.0967875,FALSE,1941-08-05 00:00:00,https://uk.wikipedia.org/wiki/Новогеоргіївськ,Кіровоградська,
Єлисаветградка Олександрівського р-ну,48.7974097,32.4076765,,raion,Кропивницький,48.50793300000001,32.262317,FALSE,1941-08-05 00:00:00,,Кіровоградська,
Новоукраїнка,48.3226457,31.5187617,,raion,Кропивницький,48.50793300000001,32.262317,FALSE,1941-12-01 00:00:00,,Кіровоградська,
Велика Виска Маловисківського р-ну,48.56203559999999,31.8499174,,raion,Кропивницький,48.50793300000001,32.262317,FALSE,1941-08-05 00:00:00,,Кіровоградська,
Піщаний Брід Добровеличківського р-ну,48.2869158,31.3182611,,raion,Кропивницький,48.50793300000001,32.262317,FALSE,1941-08-05 00:00:00,,Кіровоградська,
Рівне Новоукраїнського р-ну,48.2508214,31.7534725,,raion,Кропивницький,48.50793300000001,32.262317,FALSE,1941-09-15 00:00:00,,Кіровоградська,
Нова Прага Олександрійського р-ну,48.5582238,32.9001451,,raion,Кропивницький,48.50793300000001,32.262317,FALSE,1941-08-05 00:00:00,,Кіровоградська,
Знам'янка,48.7192002,32.6770961,,raion,Кропивницький,48.50793300000001,32.262317,FALSE,1941-08-05 00:00:00,,Кіровоградська,
ст. Помічна Добровеличківського р-ну,48.2465578,31.4060472,,raion,Кропивницький,48.50793300000001,32.262317,FALSE,1941-08-05 00:00:00,,Кіровоградська,
Бобринець,48.0581761,32.1610803,,raion,Кропивницький,48.50793300000001,32.262317,FALSE,1941-08-05 00:00:00,,Кіровоградська,
Голованівськ Кіровоградської обл.,48.3843573,30.4626205,,raion,Кропивницький,48.50793300000001,32.262317,FALSE,1941-08-05 00:00:00,до 1954 р. - у складі Одеської обл.,Кіровоградська,
Грушка Кіровоградської обл.,48.3442465,30.2894904,"Благовіщенське, не плутати з іншою Грушкою неподалік",raion,Кропивницький,48.50793300000001,32.262317,FALSE,1941-08-05 00:00:00,до 1954 р. - у складі Одеської обл.,Кіровоградська,
Новомиргород Кіровоградської обл.,48.7907203,31.6582633,,raion,Кропивницький,48.50793300000001,32.262317,FALSE,1941-12-01 00:00:00,,Кіровоградська,
Івангород Кіровоградської обл.,48.90137499999999,32.2371023,,raion,Кропивницький,48.50793300000001,32.262317,FALSE,1941-08-05 00:00:00,,Кіровоградська,
Новоархангельськ Кіровоградської обл.,48.6658441,30.817434,,raion,Кропивницький,48.50793300000001,32.262317,FALSE,1941-08-05 00:00:00,,Кіровоградська,
Мала Виска Кіровоградської обл.,48.6435934,31.6294299,,raion,Кропивницький,48.50793300000001,32.262317,FALSE,1941-12-01 00:00:00,,Кіровоградська,
Кам'янка Кіровоградської обл.,48.7907082,31.7403194,,raion,Кропивницький,48.50793300000001,32.262317,FALSE,1941-08-05 00:00:00,,Кіровоградська,
Хмельове Маловисківського району Кіровоградської області,48.56734549999999,31.3963231,,raion,Кропивницький,48.50793300000001,32.262317,FALSE,1941-12-01 00:00:00,У 1939-1962 рр. - райцентр Кіровоградської обл.,Кіровоградська,
Аджамка Бобринецького р-ну Кіровоградської обл.,48.53717800744211,32.539209893500825,,raion,Кропивницький,48.50793300000001,32.262317,FALSE,1941-08-05 00:00:00,До 1959 р. райцентр.,Кіровоградська,
Червона Кам'янка Олександрійського р-ну Кіровоградської обл.,48.6483593,33.4539327,,raion,Кропивницький,48.50793300000001,32.262317,FALSE,1941-08-05 00:00:00,,Кіровоградська,
Дніпропетровськ,48.464717,35.046183,,"oblast, kray",Львів,49.839683,24.029717,FALSE,1941-09-03 00:00:00,Входили в безпосереднє підпорядкування обласного проводу,Дніпропетровська,
Синельникове,48.3229038,35.521396,,raion,Дніпро,48.464717,35.046183,FALSE,1941-09-03 00:00:00,Дніпродзержинська округа,Дніпропетровська,
Васильківка,48.20618320000001,36.0226711,,raion,Дніпро,48.464717,35.046183,FALSE,1941-09-03 00:00:00,Криворізька округа,Дніпропетровська,
Новомосковськ,48.6329614,35.2241571,,raion,Дніпро,48.464717,35.046183,FALSE,1941-09-03 00:00:00,Нікопольська округа,Дніпропетровська,
Нижньодніпровськ,48.47823741700055, 35.119332095044655,,raion,Дніпро,48.464717,35.046183,FALSE,1941-09-03 00:00:00,,Дніпропетровська,
Перещепине,49.0140019,35.3644372,,raion,Дніпро,48.464717,35.046183,FALSE,1941-09-03 00:00:00,,Дніпропетровська,
Магдалинівка,48.9104774,34.9115965,,raion,Дніпро,48.464717,35.046183,FALSE,1941-09-03 00:00:00,,Дніпропетровська,
с. Покровка,48.233642,34.066380,,raion,Дніпро,48.464717,35.046183,FALSE,1941-09-03 00:00:00,,Дніпропетровська,
"с. Верхня Хортиця (за нім. окупації - Хортиця, відповідно р-н - Хортицький) Запорізької обл.",47.86309383846845,35.005316229837696,,raion,Дніпро,48.464717,35.046183,FALSE,1943-03-01 00:00:00,,Дніпропетровська,
Дніпродзержинськ,48.523117,34.613683,Кам'янське,okruga,Дніпро,48.464717,35.046183,FALSE,1941-09-03 00:00:00,,Дніпропетровська,
Кринички,48.3694747,34.4573326,,raion,Кам'янське,48.523117,34.613683,FALSE,1941-09-03 00:00:00,,Дніпропетровська,
Солоне,48.20400979999999,34.8732388,,raion,Кам'янське,48.523117,34.613683,FALSE,1941-09-03 00:00:00,,Дніпропетровська,
Верхньодніпровськ,48.6482135,34.336891,,raion,Кам'янське,48.523117,34.613683,FALSE,1941-09-03 00:00:00,,Дніпропетровська,
Кривий Ріг,47.910483,33.391783,,okruga,Дніпро,48.464717,35.046183,FALSE,1941-10-14 00:00:00,1941-08-15 00:00:00,Дніпропетровська,
Софіївка,48.05663541865557,33.88160952911037,,raion,Кривий Ріг,47.910483,33.391783,FALSE,1941-10-14 00:00:00,,Дніпропетровська,
Широке,47.693307,33.2682605,,raion,Кривий Ріг,47.910483,33.391783,FALSE,1941-10-14 00:00:00,,Дніпропетровська,
П'ятихатки,48.411634,33.6941624,,raion,Кривий Ріг,47.910483,33.391783,FALSE,1941-10-14 00:00:00,,Дніпропетровська,
Апостолове,47.660528,33.7205403,,raion,Кривий Ріг,47.910483,33.391783,FALSE,1941-10-14 00:00:00,,Дніпропетровська,
Божедарівка (екс-Щорськ),48.351808,34.1143149,,raion,Кривий Ріг,47.910483,33.391783,FALSE,1941-10-14 00:00:00,,Дніпропетровська,
Сталіндорф,47.8994195,33.9293848,,raion,Кривий Ріг,47.910483,33.391783,FALSE,1941-10-14 00:00:00,,Дніпропетровська,
Нікополь,47.56746,34.394815,,"okruga, raion",Дніпро,48.464717,35.046183,FALSE,1941-09-03 00:00:00,,Дніпропетровська,
Томаківка,47.8172631,34.7548713,,raion,Нікополь,47.56746,34.394815,FALSE,1941-09-03 00:00:00,,Дніпропетровська,
Кам'янка Нікопольського р-ну,47.4870901,34.4167362,,raion,Нікополь,47.56746,34.394815,FALSE,1941-09-03 00:00:00,,Дніпропетровська,
Велика Лепетиха Херсонської обл.,47.1634031,33.9366442,,raion,Нікополь,47.56746,34.394815,FALSE,1941-09-03 00:00:00,,Дніпропетровська,
Павлоград,48.5294478,35.9032574,,raion,Дніпро,48.464717,35.046183,FALSE,1941-09-03 00:00:00,,Дніпропетровська,Імовірно
Петриківка,48.7294942,34.6324038,,raion,Дніпро,48.464717,35.046183,FALSE,1941-09-03 00:00:00,,Дніпропетровська,Імовірно
Полтава,49.58826699999999,34.5514169,,oblast,Київ,50.4501,30.5234,FALSE,1941-10-01 00:00:00,,Полтавська,
Покровська Багачка Хорольського р-ну Полтавської обл.,49.8614632,33.149491,,raion,Полтава,49.58826699999999,34.5514169,FALSE,1941-10-01 00:00:00,імовірно напряму обласному проводу,Полтавська,
Решетилівка Полтавської обл.,49.565935,34.066522,,raion,Полтава,49.58826699999999,34.5514169,FALSE,1941-09-16 00:00:00,імовірно напряму обласному проводу,Полтавська,
Диканька Полтавської обл.,49.823894,34.5260962,,raion,Полтава,49.58826699999999,34.5514169,FALSE,1941-10-01 00:00:00,напряму обласному проводу,Полтавська,
Нехвороща Полтавської обл.,49.1501898,34.7067765,,raion,Полтава,49.58826699999999,34.5514169,FALSE,1941-10-01 00:00:00,напряму обласному проводу,Полтавська,
Шишаки Полтавської обл.,49.883255,34.0040404,,raion,Полтава,49.58826699999999,34.5514169,FALSE,1941-10-01 00:00:00,імовірно напряму обласному проводу,Полтавська,
Нові Санжари Полтавської обл.,49.3415098,34.3130402,,raion,Полтава,49.58826699999999,34.5514169,FALSE,1941-11-01 00:00:00,напряму обласному проводу,Полтавська,
Зіньків Полтавської обл.,50.2046322,34.3638533,,raion,Полтава,49.58826699999999,34.5514169,FALSE,1941-10-01 00:00:00,імовірно напряму обласному проводу,Полтавська,
Яготин Полтавської обл.,50.2568193,31.781765,,"okruga, raion",Київ,50.4501,30.5234,FALSE,1942-01-01 00:00:00,"не мав зв'яку з областю, підпорядковувався напряму Києву",Полтавська,
Ковалівка Полтавської обл.,49.61408549999999,34.7080345,,raion,Яготин,50.2568193,31.781765,FALSE,1942-01-01 00:00:00,,Полтавська,
Пирятин Полтавської обл.,50.2394849,32.5070927,,raion,Яготин,50.2568193,31.781765,FALSE,1942-01-01 00:00:00,,Полтавська,
Гребінка Полтавської обл.,50.11866699999999,32.4522028,,raion,Яготин,50.2568193,31.781765,FALSE,1942-01-01 00:00:00,,Полтавська,
Лубни Полтавської обл.,50.0168687,32.9998088,,raion,Яготин,50.2568193,31.781765,FALSE,1941-09-16 00:00:00,імовірно,Полтавська,
Лохвиця Полтавської обл.,50.35891564197405 ,33.259788306420525,,raion,Яготин,50.2568193,31.781765,FALSE,1941-10-01 00:00:00,імовірно,Полтавська,
Чорнухи Полтавської обл.,50.274287,32.9356191,,raion,Яготин,50.2568193,31.781765,FALSE,1941-10-01 00:00:00,Імовірно,Полтавська,
Золотоноша Черкаська обл.,49.6617919,32.0477111,,okruga,Київ,50.4501,30.5234,FALSE,1941-10-01 00:00:00,До 1954 - у складі Полтавської обл.,Полтавська,
Гельмязів Черкаська обл.,49.8278712,31.8403945,,raion,Золотоноша,49.6617919,32.0477111,FALSE,1941-10-01 00:00:00,до 1954 р. в складі Полтавської обл.,Полтавська,
Чорнобай Черкаська обл.,49.66046499999999,32.3448813,,raion,Золотоноша,49.6617919,32.0477111,FALSE,1941-10-01 00:00:00,до 1954 р. в складі Полтавської обл.,Полтавська,
Іркліїв Черкаської обл.,49.5202597,32.3295764,,raion,Золотоноша,49.6617919,32.0477111,FALSE,1941-10-01 00:00:00,до 1954 р. в складі Полтавської обл.,Полтавська,
Оржиця Полтавської обл.,49.7823801,32.6831136,,raion,Золотоноша,49.6617919,32.0477111,FALSE,1941-10-01 00:00:00,,Полтавська,
Драбів Черкаської обл.,49.9527845,32.1384703,,raion,Золотоноша,49.6617919,32.0477111,FALSE,1941-10-01 00:00:00,Імовірно. до 1954 р. в складі Полтавської обл.,Полтавська,
Кременчук Полтавської обл.,49.065783,33.410033,,okruga,Полтава,49.58826699999999,34.5514169,FALSE,1941-10-01 00:00:00,"округа (за даними наркома Меркулова і схеми НКДБ), за ін. даними - район",Полтавська,
Градизьк Полтавської обл.,49.2302517,33.12643070000001,,raion,Кременчук,49.065783,33.410033,FALSE,1941-11-01 00:00:00,Імовірно,Полтавська,
Кишеньки Полтавської обл.,48.8931968,34.1032065,,raion,Київ,50.4501,30.5234,FALSE,1941-10-01 00:00:00,Осередок заклали пресдтавники Київського підпілля і підкорявся він безпосередньо Київському проводові,Полтавська,
Харків,49.9935,36.230383,,oblast,Київ,50.4501,30.5234,FALSE,1941-10-24 00:00:00,"За словами спеціалістів, бандерівці не мали в області осередків окрім самого Харкова",Харківська,
Запоріжжя,47.8388,35.139567,,"oblast, okruga, raion",Дніпро,48.464717,35.046183,FALSE,1941-10-04 00:00:00,,Запорізька,
Василівка,47.4414731,35.2867265,,raion,Запоріжжя,47.8388,35.139567,FALSE,1941-10-25 00:00:00,,Запорізька,
Михайлівка,47.2593733,35.2181649,,raion,Запоріжжя,47.8388,35.139567,FALSE,1941-10-25 00:00:00,,Запорізька,
Мелітополь,46.8550216,35.3586996,,okruga,Запоріжжя,47.8388,35.139567,FALSE,1941-10-25 00:00:00,округою став у квітні 1942,Запорізька,
Осипенко,46.77307324684291,36.813591411695114,Бердянськ,"okruga, raion",Запоріжжя,47.8388,35.139567,FALSE,1941-10-04 00:00:00,"за ін. даними, лише районний провід",Запорізька,
Андріївка,47.09639856943275,36.581656628399635,,raion,Осипенко,46.77307324684291,36.813591411695114,FALSE,1941-10-04 00:00:00,,Запорізька,
Ногайськ,46.7230781,36.354122,Приморськ,raion,Осипенко,46.77307324684291,36.813591411695114,FALSE,1941-10-04 00:00:00,,Запорізька,
Великий Токмак,47.2464085,35.7098365,Токмак,raion,Запоріжжя,47.8388,35.139567,FALSE,1941-11-01 00:00:00,,Запорізька,
Новомиколаївка,47.9767667,35.9095015,,raion,"Невідомо, можливо не підпорядковувався області",48.379433,31.1655799,FALSE,1942-08-01 00:00:00,,Запорізька,
Гуляйполе,47.6607145,36.2732383,,raion,Запоріжжя,47.8388,35.139567,FALSE,1941-10-04 00:00:00,,Запорізька,
Пологи,47.4726793,36.2625494,,raion,Запоріжжя,47.8388,35.139567,FALSE,1941-10-04 00:00:00,,Запорізька,
Сталіно,48.015883,37.80285,Донецьк,"oblast, okruga",Дніпро,48.464717,35.046183,FALSE,1942-02-01 00:00:00,,Донецька,
Дружківка,48.6161912,37.52721870000001,,raion,Донецьк,48.015883,37.80285,FALSE,1942-02-01 00:00:00,,Донецька,
Авдіївка,48.136596,37.7491336,,raion,Донецьк,48.015883,37.80285,FALSE,1942-02-01 00:00:00,,Донецька,
Макіївка,48.0459557,37.9666901,,raion,Донецьк,48.015883,37.80285,FALSE,1942-02-01 00:00:00,,Донецька,
Чистякове,48.0201627,38.6545257,,raion,Донецьк,48.015883,37.80285,FALSE,1942-02-01 00:00:00,,Донецька,
Ольгинка,47.700000,37.500000,,raion,Донецьк,48.015883,37.80285,FALSE,1942-02-01 00:00:00,,Донецька,
Єнакіїве, 48.217082,38.204048 ,,raion,Донецьк,48.015883,37.80285,FALSE,1942-02-01 00:00:00,,Донецька,
Селидове,48.1475145,37.297136,,raion,Донецьк,48.015883,37.80285,FALSE,1942-02-01 00:00:00,,Донецька,
Красноармійськ,48.282193,37.1847804,Покровськ,raion,Донецьк,48.015883,37.80285,FALSE,1942-02-01 00:00:00,,Донецька,
Дебальцеве,48.3340595,38.4062034,,raion,Донецьк,48.015883,37.80285,FALSE,1942-02-01 00:00:00,,Донецька,
Мар'їнка,47.9422861,37.5040301,,raion,Донецьк,48.015883,37.80285,FALSE,1942-02-01 00:00:00,,Донецька,
Маріуполь,47.097133,37.543367,,okruga,Донецьк,48.015883,37.80285,FALSE,1941-10-08 00:00:00,,Донецька,
Волноваха,47.5951141,37.4831419,,raion,Маріуполь,47.097133,37.543367,FALSE,1942-05-01 00:00:00,,Донецька,
Будьоннівське, 47.113431,38.086273 ,Новоазовськ,raion,Маріуполь,47.097133,37.543367,FALSE,1941-10-08 00:00:00,,Донецька,
Царекостянтинівка (Куйбишеве) Запорізької обл.,47.362806,36.6529331,Більмак,raion,Маріуполь,47.097133,37.543367,FALSE,1941-10-08 00:00:00,,Донецька,
Горлівка,48.3071,38.029633,,okruga,Донецьк,48.015883,37.80285,FALSE,1942-05-01 00:00:00,,Донецька,
Артемівськ,48.5986674,37.9980367,Бахмут,raion,Горлівка,48.3071,38.029633,FALSE,1942-05-01 00:00:00,,Донецька,
Слов'янськ,48.8532,37.6053001,,raion,Горлівка,48.3071,38.029633,FALSE,1942-05-01 00:00:00,,Донецька,
Краматорськ,48.738967,37.58435,,raion,Горлівка,48.3071,38.029633,FALSE,1942-05-01 00:00:00,,Донецька,
Костянтинівка,48.52394289999999,37.7075811,,raion,Горлівка,48.3071,38.029633,FALSE,1942-05-01 00:00:00,,Донецька,
Чернігівка Запорізької обл.,47.1882662,36.2107475,,raion,Горлівка,48.3071,38.029633,FALSE,1942-05-01 00:00:00,,Донецька,
Рутченкове,47.967098,37.686748,,oseredok,Невідомо якого рівня,,,TRUE,1942-02-01 00:00:00,,Донецька,
Ясинувата,48.1221425,37.87659439999999,,oseredok,Невідомо якого рівня,,,TRUE,1942-02-01 00:00:00,,Донецька,
Іловайськ,47.9257046,38.1957157,,oseredok,Невідомо якого рівня,,,TRUE,1942-02-01 00:00:00,,Донецька,
Новоекономічне,48.3358875,37.3255293,,oseredok,Невідомо якого рівня,,,TRUE,1942-02-01 00:00:00,,Донецька,
Красногорівка,48.0093421,37.5091505,,oseredok,Невідомо якого рівня,,,TRUE,1942-02-01 00:00:00,,Донецька,
Комсомольськ (нині у складі Горлівки),48.3071,38.029633,Микитівський р-н у складі Горлівки,oseredok,Невідомо якого рівня,,,TRUE,1942-02-01 00:00:00,,Донецька,
Новогорлівка,48.296525,38.13160999999999,,oseredok,Невідомо якого рівня,,,TRUE,1942-02-01 00:00:00,,Донецька,
Миколаїв,46.975033,31.99458289999999,,"oblast, okruga",Дніпропетровськ,48.464717,35.046183,FALSE,1941-09-01 00:00:00,,Миколаївська,
Баштанка Миколаївської обл.,47.4098736,32.4412263,,raion,Миколаїв,46.975033,31.99458289999999,FALSE,1941-09-01 00:00:00,,Миколаївська,
Привільне Баштанського р-ну Миколаївської обл.,47.4916814,32.2946203,,raion,Миколаїв,46.975033,31.99458289999999,FALSE,1941-09-01 00:00:00,,Миколаївська,
Нова Одеса Миколаївської обл.,47.309181,31.7883933,,okruga,Миколаїв,46.975033,31.99458289999999,FALSE,1941-08-31 00:00:00,,Миколаївська,
Казанка Миколаївської обл.,47.833957,32.8339239,,raion,Нова Одеса,47.309181,31.7883933,FALSE,1941-08-31 00:00:00,,Миколаївська,
Новий Буг Миколаївської обл.,47.6968565,32.5038537,,raion,Нова Одеса,47.309181,31.7883933,FALSE,1941-08-31 00:00:00,,Миколаївська,
Вознесенськ Миколаївської обл.,47.5605,31.336117,,okruga,Миколаїв,46.975033,31.99458289999999,FALSE,1941-08-15 00:00:00,,Миколаївська,
Братське Миколаївської обл.,47.8676859,31.5766093,,raion,Вознесенськ,47.5605,31.336117,FALSE,1941-08-15 00:00:00,,Миколаївська,
Єланецьк Миколаївської обл.,47.6953092,31.8523332,,raion,Вознесенськ,47.5605,31.336117,FALSE,1941-08-15 00:00:00,,Миколаївська,
Херсон,46.635417,32.616867,,okruga,Миколаїв,46.975033,31.99458289999999,FALSE,1941-09-01 00:00:00,,Миколаївська,
Білозерка Херсонської обл.,46.6267067,32.4413727,,raion,Херсон,46.635417,32.616867,FALSE,1941-09-01 00:00:00,,Миколаївська,
Снігурівка Миколаївської обл.,47.07537,32.8061775,,raion,Херсон,46.635417,32.616867,FALSE,1941-09-01 00:00:00,,Миколаївська,
Велика Олександрівка Херсонської обл.,47.3211543,33.3032699,,"okruga, raion",Миколаїв,46.975033,31.99458289999999,FALSE,1941-09-01 00:00:00,,Миколаївська,
Нововоронцовка Херсонської обл.,47.498123,33.9169021,,raion,Велика Олександрівка,47.3211543,33.3032699,FALSE,1941-09-01 00:00:00,,Миколаївська,
Високопілля Херсонської обл.,47.488789,33.5317111,,raion,Велика Олександрівка,47.3211543,33.3032699,FALSE,1941-09-01 00:00:00,,Миколаївська,
Березнегувате Миколаївської обл.,47.3098306,32.8487692,,raion,Велика Олександрівка,47.3211543,33.3032699,FALSE,1941-09-01 00:00:00,,Миколаївська,
Каховка Херсонської обл.,46.8117208,33.4901963,,raion,Велика Олександрівка,47.3211543,33.3032699,FALSE,1941-09-01 00:00:00,,Миколаївська,
Вінниця,49.233083,28.4682169,,"oblast, okruga, raion, misto",,,,TRUE,1941-07-24,,Вінницька,
Вінниця,49.233083,28.4682169,,"oblast, okruga, raion, misto",Київ,50.4501,30.5234,FALSE,1941-10-01,,Вінницька,
Літин,49.3230985,28.0823146,,raion,Вінниця,49.233083,28.4682169,FALSE,1941-07-24,,Вінницька,
Калинівка  (надрайонний провід),49.448552,28.5226562,,"nadraion, raion",Вінниця,49.233083,28.4682169,FALSE,1941-07-24,,Вінницька,
Козятин,49.7149346,28.8363647,,"okruga, nadraion, raion",Вінниця,49.233083,28.4682169,FALSE,1941-07-24,,Вінницька,
Погребище,49.4863064,29.268579,,raion,Козятин,49.7149346,28.8363647,FALSE,1941-07-24,,Вінницька,
Самгородок Козятинського р-ну,49.5281078,28.8430257,,raion,Козятин,49.7149346,28.8363647,FALSE,1941-07-24,,Вінницька,
Плисків Погребищенського р-ну,49.3648569,29.2761104,,raion,Козятин,49.7149346,28.8363647,FALSE,1941-07-24,,Вінницька,
Гайсин,48.8139473,29.3812035,,"okruga, raion",Вінниця,49.233083,28.4682169,FALSE,1941-07-24,,Вінницька,
Вороновиця,49.107373,28.691632,,raion,Вінниця,49.233083,28.4682169,FALSE,1941-07-24,,Вінницька,
Хмільник (надрайонний провід),49.5510263,27.9382714,,"nadraion, raion",Вінниця,49.233083,28.4682169,FALSE,1941-07-24,,Вінницька,Імовірно
Дашів,48.9957904,29.4397153,,raion,Гайсин,48.8139473,29.3812035,FALSE,1941-07-24,,Вінницька,
Немирів,48.9749521,28.8474081,,raion,Гайсин,48.8139473,29.3812035,FALSE,1941-07-24,,Вінницька,
Липовець,49.2255122,29.0488875,,raion,Вінниця,49.233083,28.4682169,FALSE,1941-07-24,,Вінницька,
Іллінці,49.1040007,29.2092738,,raion,Гайсин,48.8139473,29.3812035,FALSE,1941-07-24,,Вінницька,
Тиврів,49.0130083,28.5042197,,raion,Вінниця,49.233083,28.4682169,FALSE,1941-07-24,,Вінницька,
Уланів Хмільницького р-ну,49.6911273,28.1308882,,raion,Вінниця,49.233083,28.4682169,FALSE,1941-07-24,,Вінницька,Імовірно
Джулин [відносився до Уманської округи Київської обл.],48.43606232852208,29.7596382664954,,raion,Умань,48.74939269999999,30.2214499,FALSE,1941-07-24,,Вінницька,
Теплик [відносився до Уманської округи Київської обл.],48.6633108,29.75078139999999,,raion,Умань,48.74939269999999,30.2214499,FALSE,1941-07-24,,Вінницька,
Турбів [відносився до Уманської округи Київської обл.],49.3448284,28.7228609,,raion,Умань,48.74939269999999,30.2214499,FALSE,1941-07-24,,Вінницька,
Бершадь,48.368954,29.5331654,,raion,Тульчин,48.6739771,28.8563795,FALSE,1941-07-24,З кінця 1942 р. Трансністрія,Вінницька,
Браїлів,49.1055022,28.1576316,,raion,Жмеринка,49.0390512,28.1085937,FALSE,1941-07-24,З кінця 1942 р. Трансністрія,Вінницька,
Ладижин,48.6838051,29.2476275,,raion,Гайсин,48.8139473,29.3812035,FALSE,1941-07-24,,Вінницька,
Тульчин Вінницької обл.,48.6739771,28.8563795,,"okruga, raion",Жмеринка,49.0346627,28.1115142,FALSE,1941-07-24,З кінця 1942 р. Трансністрія,Вінницька,
Могилів-Подільський+Яришів,48.5075062,27.6358339,,raion,Жмеринка,49.0390512,28.1085937,FALSE,1941-07-24,З кінця 1942 р. Трансністрія,Вінницька,
Жмеринка,49.0390512,28.1085937,,"okruga, raion",Вінниця,49.233083,28.4682169,FALSE,1941-07-24,У кінці 1942 р. Провід ОУН передав мережу в румунській зоні Вінницької обл. в підпорядкування Одеського обласного проводу (Трансністрії),Вінницька,
Літин,49.3230985,28.0823146,,raion,Вінниця,49.233083,28.4682169,FALSE,1941-07-24,,Вінницька,
Шаргород,48.7628865,28.0690462,,raion,Жмеринка,49.0390512,28.1085937,FALSE,1941-07-24,З кінця 1942 р. Трансністрія,Вінницька,
Станіславчик Жмеринського р-ну,48.97183769999999,28.1041838,,raion,Жмеринка,49.0390512,28.1085937,FALSE,1941-07-24,З кінця 1942 р. Трансністрія,Вінницька,
Ольгопіль,48.1895542,29.493392,,raion,Тульчин,48.6739771,28.8563795,FALSE,1941-07-24,З кінця 1942 р. Трансністрія,Вінницька,
Копайгород Вінницької обл.,48.854094,27.7996667,,raion,Жмеринка,49.0390512,28.1085937,FALSE,1941-07-17,З кінця 1942 р. Трансністрія,Вінницька,
Бар Вінницької обл.,49.0768482,27.6826121,,raion,Жмеринка,49.0390512,28.1085937,FALSE,1941-07-17,З кінця 1942 р. Трансністрія,Вінницька,
Одеса,46.482526,30.7233095,,"oblast, okruga, raion",Дніпро,48.464717,35.046183,FALSE,1941-10-17 00:00:00,,Трансністрія (Одеська),
Біляївка Одеської обл.,46.4894881,30.2016232,,raion,Одеса,46.482526,30.7233095,FALSE,1941-10-17 00:00:00,,Трансністрія (Одеська),
Благоєве Одеської обл.,46.9345762,30.6492669,Великий Буялик Іванівського р-ну,raion,Одеса,46.482526,30.7233095,FALSE,1941-10-17 00:00:00,,Трансністрія (Одеська),
Овідіополь Одеської обл.,46.2519995,30.4372882,,raion,Одеса,46.482526,30.7233095,FALSE,1941-10-17 00:00:00,,Трансністрія (Одеська),
Троїцьке Одеської обл.,47.6370547,30.2882077,,raion,Одеса,46.482526,30.7233095,FALSE,1941-10-17 00:00:00,,Трансністрія (Одеська),
Жмеринка Вінницької обл.,49.0390512,28.1085937,,"okruga, raion",Одеса,46.482526,30.7233095,FALSE,1941-07-24 00:00:00,До кінця 1942 р. була у складі Вінницького обласного проводу,Трансністрія (Одеська),
Могилів-Подільський Вінницької обл.,48.4584391,27.7929285,,raion,Жмеринка,49.0390512,28.1085937,FALSE,1941-07-24 00:00:00,"Спершу була округа. З кінця 1942 р. - районний провід, підпорядкований Жмеринській окрузі",Трансністрія (Одеська),
Шаргород Вінницької обл.,48.7628865,28.0690462,,raion,Жмеринка,49.0390512,28.1085937,FALSE,1941-07-24 00:00:00,,Трансністрія (Одеська),
Копайгород Вінницької обл.,48.854094,27.7996667,,raion,Жмеринка,49.0390512,28.1085937,FALSE,1941-07-24 00:00:00,,Трансністрія (Одеська),
Бар Вінницької обл.,49.0768482,27.6826121,,raion,Жмеринка,49.0390512,28.1085937,FALSE,1941-07-24 00:00:00,,Трансністрія (Одеська),
Тульчин Вінницької обл.,48.6739771,28.8563795,,raion,Жмеринка,49.0390512,28.1085937,FALSE,1941-07-24 00:00:00,"Певний час був окружний провід, потім став районним у складі Жмеринської округи",Трансністрія (Одеська),
Томашпіль Вінницької обл.,48.5509829,28.5162853,,"okruga, raion",Одеса,46.482526,30.7233095,FALSE,1941-07-21 00:00:00,,Трансністрія (Одеська),
Чернівці Вінницької обл.,48.5404811,28.108548,,raion,Томашпіль,48.5509829,28.5162853,FALSE,1941-07-21,,Трансністрія (Одеська),
Ямпіль Вінницької обл.,48.2441219,28.2765218,,raion,Томашпіль,48.5509829,28.5162853,FALSE,1941-07-22 00:00:00,,Трансністрія (Одеська),
Крижопіль Вінницької обл.,48.3849493,28.8673367,,raion,Томашпіль,48.5509829,28.5162853,FALSE,1941-07-23 00:00:00,,Трансністрія (Одеська),
Кодима Одеської обл.,48.0999765,29.124263,,raion,Томашпіль,48.5509829,28.5162853,FALSE,1941-07-23 00:00:00,,Трансністрія (Одеська),
Чечельник Вінницької обл.,48.2129069,29.3421635,,raion,Томашпіль,48.5509829,28.5162853,FALSE,1941-07-25 00:00:00,,Трансністрія (Одеська),
Бершадь Вінницької обл.,48.368954,29.5331654,,raion,Томашпіль,48.5509829,28.5162853,FALSE,1941-07-30 00:00:00,,Трансністрія (Одеська),
Балта Одеської обл.,47.9370871,29.6288401,,okruga,Одеса,46.482526,30.7233095,FALSE,1941-08-05 00:00:00,Середня округа,Трансністрія (Одеська),
Ананьїв Одеської обл.,47.714758,29.9913264,,raion,Балта,47.9370871,29.6288401,FALSE,1941-08-08 00:00:00,,Трансністрія (Одеська),
"Тирасполь, Молдова",46.84818500000001,29.59680509999999,,raion,Балта,47.9370871,29.6288401,FALSE,1941-08-11 00:00:00,,Трансністрія (Одеська),
Ширяєве Одеської обл.,47.3754941,30.1958353,,raion,Балта,47.9370871,29.6288401,FALSE,1941-08-07 00:00:00,,Трансністрія (Одеська),
Дубоссари Молдова,47.2643942,29.1550348,,raion,Балта,47.9370871,29.6288401,FALSE,1941-07-28 00:00:00,,Трансністрія (Одеська),
Рибниця Молдова,47.7665534,29.00352239999999,,raion,Балта,47.9370871,29.6288401,FALSE,1941-08-06 00:00:00,,Трансністрія (Одеська),
Котовськ Одеської обл.,47.7585809,29.5339155,Подільськ,raion,Балта,47.9370871,29.6288401,FALSE,1941-08-07 00:00:00,,Трансністрія (Одеська),
Окни Одеської обл.,47.535711,29.4562298,,raion,Балта,47.9370871,29.6288401,FALSE,1941-08-07 00:00:00,,Трансністрія (Одеська),
Голта Миколаївської обл.,48.04512510000001,30.8884315,Первомайськ,okruga,Одеса,46.482526,30.7233095,FALSE,1941-08-04 00:00:00,Прибузька (Первомайська) округа,Трансністрія (Одеська),
Очаків Миколаївської обл.,46.61892795440068,31.539279807337984,,raion,Первомайськ,48.04512510000001,30.8884315,FALSE,1941-09-01 00:00:00,,Трансністрія (Одеська),
Варварівка Миколаївської обл.,46.9943234,31.9399289,,raion,Первомайськ,48.04512510000001,30.8884315,FALSE,1941-09-01 00:00:00,,Трансністрія (Одеська),
Кодинцеве Лиманського р-ну Одеської обл.,46.82101429999999,30.9457904,Доброслав,raion,Первомайськ,48.04512510000001,30.8884315,FALSE,1941-08-13 00:00:00,,Трансністрія (Одеська),
Мостове Доманівського р-ну Миколаївської обл.,47.4187581,30.9914888,,raion,Первомайськ,48.04512510000001,30.8884315,FALSE,1941-08-06 00:00:00,,Трансністрія (Одеська),
Доманівка Миколаївської обл.,47.62789040000001,30.98985099999999,,raion,Первомайськ,48.04512510000001,30.8884315,FALSE,1941-08-06 00:00:00,,Трансністрія (Одеська),
Вознесенськ Миколаївської обл.,47.5605,31.336117,,raion,Первомайськ,48.04512510000001,30.8884315,FALSE,1941-09-08 00:00:00,,Трансністрія (Одеська),
Велика Врадіївка Миколаївської обл.,47.8658976,30.5905504,Врадіївка,raion,Первомайськ,48.04512510000001,30.8884315,FALSE,1941-08-07 00:00:00,,Трансністрія (Одеська),
Криве Озеро Миколаївської обл.,47.9471775,30.34066189999999,,raion,Первомайськ,48.04512510000001,30.8884315,FALSE,1941-08-04 00:00:00,,Трансністрія (Одеська),
Саврань Одеської обл.,48.1351158,30.077048,,raion,Первомайськ,48.04512510000001,30.8884315,FALSE,1941-08-01 00:00:00,,Трансністрія (Одеська),
Березівка Одеської обл.,47.20382679999999,30.9163475,,raion,Первомайськ,48.04512510000001,30.8884315,FALSE,1941-07-11 00:00:00,,Трансністрія (Одеська),
Сімферополь,44.952117,34.102417,,oblast,Дніпро,48.464717,35.046183,FALSE,1941-11-01 00:00:00,,Крим,
Ялта,44.4909462,34.1532687,,raion,Сімферополь,44.952117,34.102417,FALSE,1941-11-01 00:00:00,,Крим,
Алушта,44.67638300000001,34.41005,,raion,Сімферополь,44.952117,34.102417,FALSE,1941-11-01 00:00:00,,Крим,
Джанкой,45.7089869,34.3874785,,raion,Сімферополь,44.952117,34.102417,FALSE,1941-11-01 00:00:00,,Крим,
Бахчисарай,44.746091,33.8615643,,raion,Сімферополь,44.952117,34.102417,FALSE,1941-11-01 00:00:00,,Крим,
Ворошиловград,48.574041,39.307815,Луганськ,"oblast, okruga",Дніпро,48.464717,35.046183,FALSE,1942-10-01 00:00:00,,Луганська,
Ровеньки,48.0823858,39.3699771,,oseredok,Луганськ,48.574041,39.307815,FALSE,1942-10-01 00:00:00,"На даний час неможливо визначити, якого рівня були осередки в містах Луганської області. 
Тому пропоную на карті позначати їх як райони, а в інформаційній довідці давати роз'яснення, що до чого",Луганська,
Свердловськ,48.0764807,39.6707123,Довжанськ,oseredok,Луганськ,48.574041,39.307815,FALSE,1942-10-01 00:00:00,,Луганська,
Попасна,48.6282422,38.3727153,,oseredok,Луганськ,48.574041,39.307815,FALSE,1942-10-01 00:00:00,,Луганська,
Успенка,48.3909972,39.1524916,,oseredok,Луганськ,48.574041,39.307815,FALSE,1942-10-01 00:00:00,,Луганська,
Лисичанськ,48.9066145,38.4433606,,oseredok,Луганськ,48.574041,39.307815,FALSE,1942-10-01 00:00:00,,Луганська,
Сватове,49.4154809,38.156889,,oseredok,Луганськ,48.574041,39.307815,FALSE,1942-10-01 00:00:00,,Луганська,
Старобільськ,49.2736853,38.9255483,,oseredok,Луганськ,48.574041,39.307815,FALSE,1942-10-01 00:00:00,,Луганська,
Слов'яносербськ,48.6977477,38.9766469,,oseredok,Луганськ,48.574041,39.307815,FALSE,1942-10-01 00:00:00,,Луганська,
Ворошиловськ,48.4713393,38.8134406,Алчевськ,oseredok,Луганськ,48.574041,39.307815,FALSE,1942-10-01 00:00:00,,Луганська,
Лозно-Олександрівка,49.8398367,38.7382517,,oseredok,Луганськ,48.574041,39.307815,FALSE,1942-10-01 00:00:00,,Луганська,
Біловодськ,49.2088023,39.5896987,,oseredok,Луганськ,48.574041,39.307815,FALSE,1942-10-01 00:00:00,,Луганська,
Луцька,50.75955,25.35384,Луцьк,okruga,Волинська,50.75955,25.35384,FALSE,1942-01-01 00:00:00,"Влітку 1941 р. змінила назву на Волинський обласний провід ОУН. Луцька округа поділялася на райони ОУН: м. Луцьк, Луцький, Теремнівський, Торчинський, Сенкевичівський, Рожищенський, Ківерцівський, Олицький, Острожецький, Колківський, Цуманський",Волинська,
"Володимирсько-Горохівська (№ 37, ""Січ-Степ"")",50.85846,24.31093,Володимир-Волинський,okruga,Волинська,50.75955,25.35384,FALSE,1942-01-01 00:00:00,"Входила до складу Волинського обласного проводу ОУН. Поділялася на райони: Кисилинський № 1, Локачинський № 2, Горохівський № 3, м. Горохів № 4, Берестечківський № 5, Іваничівський № 6, Володимирський № 7, м. Володимир № 8, Устилузький № 9, Вербський № 10, Центральний № 11",Волинська,
"Ковельська (""Говерла"", ""Крим-Кавказ"")",51.21389,24.70197,Ковель,okruga,Волинська,50.75955,25.35384,FALSE,1942-01-01 00:00:00,"Входила до складу Волинського обласного проводу ОУН. Поділялася на райони: Ковельський, Голобський, Седлищанський, Турійський, Любомльський, Головненський, Заболоттівський, Шацький)",Волинська,
Волинська,50.75955,25.35384,Луцьк,oblast,Крайовий провід ОУН на ПЗУЗ,,,TRUE,1940-10-01 00:00:00,Волинська обласна екзекутива ОУН створена у жовтні 1940 р. Входила до складу Крайового проводу ОУН на ПЗУЗ,Волинська,
м. Луцьк,50.75955,25.35384,Луцьк,raion,Луцький надрайон,50.75955,25.35384,FALSE,1/1/1942 00:00,,Волинська,
Луцький,50.79825,25.26265,Княгинінок,raion,Луцький надрайон,50.75955,25.35384,FALSE,1942-01-01 00:00:00,,Волинська,
Теремнівський,50.75907,25.36644,Луцьк,raion,Теремнівський надрайон,50.75907,25.36644,FALSE,1942-01-01 00:00:00,,Волинська,
Торчинський,50.76473,24.99606,Торчин,raion,Луцький надрайон,50.75955,25.35384,FALSE,1942-01-01 00:00:00,,Волинська,
Сенкевичівський,50.53116,25.03309,Сенкевичівка,raion,Луцький надрайон,50.75955,25.35384,FALSE,1942-01-01 00:00:00,,Волинська,
Рожищенський,50.90977,25.26059,Рожище,raion,Теремнівський надрайон,50.75907,25.36644,FALSE,1942-01-01 00:00:00,,Волинська,
Ківерцівський,50.83380,25.45757,Ківерці,raion,Теремнівський надрайон,50.75907,25.36644,FALSE,1942-01-01 00:00:00,,Волинська,
"Олицький (""Проруб"")",50.71957,25.81124,Олика,raion,Теремнівський надрайон,50.75907,25.36644,FALSE,1942-01-01 00:00:00,,Волинська,
Острожецький,50.67733,25.54610,Острожець,raion,Теремнівський надрайон,50.75907,25.36644,FALSE,1/1/1942 00:00,,Рівненська,
Колківський,51.09986,25.66937,Колки,raion,Теремнівський надрайон,50.75907,25.36644,FALSE,1/1/1942 00:00,,Волинська,
Цуманський,50.83216,25.88694,Цумань,raion,Теремнівський надрайон,50.75907,25.36644,FALSE,1/1/1942 00:00,,Волинська,
Кисилинський № 1,50.85453,24.80402,Кисилин,raion,Горохівський надрайон,50.50155,24.75848,FALSE,1/1/1942 00:00,,Волинська,
Локачинський № 2,50.73959,24.63649,Локачі,raion,Горохівський надрайон,50.50155,24.75848,FALSE,1/1/1942 00:00,,Волинська,
Горохівський № 3,50.50155,24.75848,Горохів,raion,Горохівський надрайон,50.50155,24.75848,FALSE,1/1/1942 00:00,,Волинська,
м. Горохів № 4,50.50155,24.75848,Горохів,raion,Горохівський надрайон,50.50155,24.75848,FALSE,1/1/1942 00:00,,Волинська,
Берестечківський № 5,50.36250,25.11093,Берестечко,raion,Горохівський надрайон,50.50155,24.75848,FALSE,1/1/1942 00:00,,Волинська,
Іваничівський № 6,50.64904,24.35392,Іваничі,raion,Горохівський надрайон,50.50155,24.75848,FALSE,1/1/1942 00:00,,Волинська,
Володимирський № 7,50.85846,24.31093,Володимир-Волинський,raion,Володимирський надрайон,50.85846,24.31093,FALSE,1/1/1942 00:00,,Волинська,
м. Володимир № 8,50.85846,24.31093,Володимир-Волинський,raion,Володимирський надрайон,50.85846,24.31093,FALSE,1/1/1942 00:00,,Волинська,
Устилузький № 9,50.86464,24.15617,Устилуг,raion,Володимирський надрайон,50.85846,24.31093,FALSE,1/1/1942 00:00,,Волинська,
Вербський № 10,50.93096,24.34852,Верба,raion,Володимирський надрайон,50.85846,24.31093,FALSE,1/1/1942 00:00,,Волинська,
Центральний № 11,50.67071,24.60315,Новий Загорів,raion,Володимирський надрайон,50.85846,24.31093,FALSE,1/1/1942 00:00,,Волинська,
Ковельський,51.21389,24.70197,Ковель,raion,Ковельський надрайон,51.21389,24.70197,FALSE,1/1/1942 00:00,,Волинська,
м. Ковель,51.21389,24.70197,Ковель,raion,Ковельський надрайон,51.21389,24.70197,FALSE,1/1/1942 00:00,,Волинська,
Голобський,51.08660,25.00569,Голоби,raion,Ковельський надрайон,51.21389,24.70197,FALSE,1/1/1942 00:00,,Волинська,
"Седлищенський (""Десна"")",51.67469,25.38053,Седлище,raion,Камінь-Каширський надрайон,51.62056,24.96960,FALSE,1/1/1942 00:00,,Волинська,
"Турійський (""Д"")",51.09097,24.52215,Турійськ,raion,Ковельський надрайон,51.21389,24.70197,FALSE,1/1/1942 00:00,,Волинська,
"Любомльський (""Росток"")",51.22617,24.02608,Любомль,raion,Любомльський надрайон,51.22617,24.02608,FALSE,1/1/1942 00:00,,Волинська,
"Головненський (""Дочан"")",51.33427,24.06090,Головне,raion,Любомльський надрайон,51.22617,24.02608,FALSE,1/1/1942 00:00,,Волинська,
"Заболоттівський (""Карлик"")",51.63229,24.24295,Заболоття,raion,Любомльський надрайон,51.22617,24.02608,FALSE,1/1/1942 00:00,,Волинська,
"Шацький (""Ринок"")",51.49682,23.92947,Шацьк,raion,Любомльський надрайон,51.22617,24.02608,FALSE,1/1/1942 00:00,,Волинська,
Поліська,51.01814,26.16642,Малий Стидин,oblast,Крайовий провід ОУН на ПЗУЗ,,,TRUE,1/1/1942 00:00,Входила до складу Крайового проводу ОУН на ПЗУЗ,Рівненська,
"Берестейська (""Лиман"")",51.71886,24.78741,Хотешів,okruga,Поліська,51.01814,26.16642,FALSE,1/1/1942 00:00,,Брестська (Білорусь),
Берестейський,52.08617,23.67954,Брест,raion,"Берестейська (""Лиман"")",51.71886,24.78741,FALSE,1/1/1942 00:00,,Брестська (Білорусь),
Дивинський,51.95493,24.57983,Дивин,raion,"Берестейська (""Лиман"")",51.71886,24.78741,FALSE,1/1/1942 00:00,,Брестська (Білорусь),
Кобринський,52.21181,24.35363,Кобрин,raion,"Берестейська (""Лиман"")",51.71886,24.78741,FALSE,1/1/1942 00:00,,Брестська (Білорусь),
"Ратнівський (""Очаків"")",51.66901,24.53193,Ратне,raion,Камінь-Каширський надрайон,51.71886,24.96960,FALSE,1/1/1942 00:00,,Волинська,
"Камінь-Каширський (""К-К"")",51.62056,24.96960,Камінь-Каширський,raion,Камінь-Каширський надрайон,51.62056,24.96960,FALSE,1/1/1942 00:00,,Волинська,
Любешівський,51.76238,25.48821,Любешів,raion,"Берестейська (""Лиман"")",51.71886,24.78741,FALSE,1/1/1942 00:00,,Волинська,
"Столинська (""Гало"")",51.73149,26.65026,Висоцьк,okruga,Поліська,51.01814,26.16642,FALSE,1/1/1942 00:00,,Рівненська,
Висоцький,51.73149,26.65026,Висоцьк,raion,"Столинська (""Гало"")",51.73149,26.65026,FALSE,1/1/1942 00:00,,Рівненська,
Столинський,51.88588,26.82967,Столин,raion,"Столинська (""Гало"")",51.73149,26.65026,FALSE,1/1/1942 00:00,,Брестська (Білорусь),
Давид-Городоцький,52.05806,27.21881,Давид-Городок,raion,"Столинська (""Гало"")",51.73149,26.65026,FALSE,1/1/1942 00:00,,Брестська (Білорусь),
"Пінська (""Болото"")",52.12121,26.07166,Пінськ,okruga,Поліський,51.01814,26.16642,FALSE,1/1/1942 00:00,,Брестська (Білорусь),
Пінський,52.12121,26.07166,Пінськ,raion,"Пінська (""Болото"")",51.01814,26.16642,FALSE,8/24/1943 0:00,,Брестська (Білорусь),
Івановський,52.14530,25.52124,Іванове,raion,"Пінська (""Болото"")",51.01814,26.16642,FALSE,8/24/1943 0:00,,Брестська (Білорусь),
Морочненський,51.84298,25.92790,Морочне,raion,"Пінська (""Болото"")",51.01814,26.16642,FALSE,8/24/1943 0:00,,Брестська (Білорусь),
Логишинський,52.33751,25.98451,Логишин,raion,"Пінська (""Болото"")",51.01814,26.16642,FALSE,8/24/1943 0:00,,Брестська (Білорусь),
Лунинецький,52.25200,26.80524,Лунинець,raion,"Пінська (""Болото"")",51.01814,26.16642,FALSE,8/24/1943 0:00,,Брестська (Білорусь),
Дорогичинський,52.19095,25.15111,Дорогичин,raion,"Пінська (""Болото"")",51.01814,26.16642,FALSE,8/24/1943 0:00,,Брестська (Білорусь),
"Сарненська (""Лісова Пісня"")",51.33406,26.60859,Сарни,okruga,Поліський,51.01814,26.16642,FALSE,1/1/1942 00:00,,Рівненська,
Сарненський,51.33406,26.60859,Сарни,raion,Сарненський надрайон,51.33406,26.60859,FALSE,1/1/1942 00:00,,Рівненська,
Рокитненський,51.29031,27.20517,Рокитне,raion,Сарненський надрайон,51.33406,26.60859,FALSE,1/1/1942 00:00,,Рівненська,
Дубровицький,51.56438,26.56093,Дубровиця,raion,Дубровицький надрайон,51.56438,26.56093,FALSE,1/1/1942 00:00,,Рівненська,
Володимирецький,51.42553,26.13400,Володимирець,raion,Дубровицький надрайон,51.33406,26.56093,FALSE,1/1/1942 00:00,,Рівненська,
Рафалівський,51.31075,25.99217,Рафалівка,raion,Дубровицький надрайон,51.33406,26.56093,FALSE,1/1/1942 00:00,,Рівненська,
"Костопільська (""Долина"")",50.87451,26.45138,Костопіль,okruga,Поліський,51.01814,26.16642,FALSE,1/1/1942 00:00,,Рівненська,
"Костопільський (""Калина"")",50.87451,26.45138,Костопіль,raion,Костопільський надрайон,50.87451,26.45138,FALSE,1/1/1942 00:00,,Рівненська,
"Березнівський (""Берег"")",51.00310,26.73503,Березне,raion,Костопільський надрайон,50.87451,26.45138,FALSE,1/1/1942 00:00,,Рівненська,
"Стиденський (""Камінь"")",51.04703,26.16787,Великий Стидин,raion,Костопільський надрайон,50.87451,26.45138,FALSE,1/1/1942 00:00,,Рівненська,
"Степанський (""Керч"")",51.13658,26.30725,Степань,raion,Костопільський надрайон,50.87451,26.45138,FALSE,1/1/1942 00:00,,Рівненська,
"Деражненський (""Лісний"")",50.86381,26.04270,Деражне,raion,Костопільський надрайон,50.87451,26.45138,FALSE,1/1/1942 00:00,,Рівненська,
Олевський,51.23163,27.65593,Олевськ,raion,Сарненський надрайон,51.33406,26.60859,FALSE,1/1/1942 00:00,,Житомирська,
Закарпатська,48.41839,22.55772,Великі Лучки,oblast,Провід ОУН,,,TRUE,1/1/1942 00:00,Створений у 1940 р. Отримував вказівки від осередку ОУН в Братиславі,Закарпатська,
Буковинська,48.30173,25.94295,Чернівці,oblast,"Крайовий провід ОУН ""Галичина""",49.83554,24.00948,FALSE,1/1/1942 00:00,,Чернівецька,
Чернівецький міський провід,48.30173,25.94295,Чернівці,raion,Буковинський обласний провід ОУН,48.30173,25.94295,FALSE,1/1/1942 00:00,,Чернівецька,
Кременецька,50.10282,25.73327,Кременець,okruga,Рівненський обласний провід,50.62306,26.22596,FALSE,1/1/1942 00:00,,Тернопільська,
Рівненська,50.62306,26.22596,Рівне,oblast,Крайовий провід ОУН на ПЗУЗ,,,TRUE,1/1/1942 00:00,,Рівненська,
Катербурзький,50.00523,25.88076,Катеринівка,raion,Бережцівський надрайон,50.09651,25.60300,FALSE,1/1/1942 00:00,,Тернопільська,
Угорський,50.15604,25.89485,Угорськ,raion,Шумський надрайон,50.11764,26.11556,FALSE,1/1/1942 00:00,,Тернопільська,
Бережцівський,50.09651,25.60300,Великі Бережці,raion,Бережцівський надрайон,50.09651,25.60300,FALSE,1/1/1942 00:00,,Тернопільська,
Лановецький,49.87560,26.08705,Ланівці,raion,Лановецький надрайон,49.87560,26.08705,FALSE,1/1/1942 00:00,,Тернопільська,
Білозірський,49.76627,26.17460,Білозірка,raion,Лановецький надрайон,49.87560,26.08705,FALSE,1/1/1942 00:00,,Тернопільська,
Олексинецький,49.83634,25.54937,Старий Олексинець,raion,Вишнівецький надрайон,49.90821,25.73786,FALSE,1/1/1942 00:00,,Тернопільська,
Заруддівський,49.78809,25.73075,Заруддя,raion,Вишнівецький надрайон,49.90821,25.73786,FALSE,1/1/1942 00:00,,Тернопільська,
Вишнівецький,49.90821,25.73786,Вишнівець,raion,Вишнівецький надрайон,49.90821,25.73786,FALSE,1/1/1942 00:00,,Тернопільська,
Шумський,50.11764,26.11556,Шумськ,raion,Шумський надрайон,50.11764,26.11556,FALSE,1/1/1942 00:00,,Тернопільська,
Почаїв,50.00645,25.50393,Почаїв,raion,Бережцівський надрайон,50.09651,25.60300,FALSE,1/1/1942 00:00,,Тернопільська,
Дедеркальський,50.02565,26.11932,Великі Дедеркали,raion,Шумський надрайон,50.11764,26.11556,FALSE,1/1/1942 00:00,,Тернопільська,
Вишгородський,49.76587,25.97214,Вишгородок,raion,Лановецький надрайон,49.87560,26.08705,FALSE,1/1/1942 00:00,,Тернопільська,
Кременецький (сільський),50.10282,25.73327,Кременець,raion,Бережцівський надрайон,50.09651,25.60300,FALSE,1/1/1942 00:00,,Тернопільська,
Кременецький (міський),50.10282,25.73327,Кременець,raion,Бережцівський надрайон,50.09651,25.60300,FALSE,1/1/1942 00:00,,Тернопільська,
Дубенська,50.41797,25.74090,Дубно,okruga,Рівненський обласний провід,50.62306,26.22596,FALSE,1/1/1942 00:00,,Рівненська,
Дубенський (сільський),50.41797,25.74090,Дубно,raion,Дубенський надрайон,50.41797,25.74090,FALSE,1/1/1942 00:00,,Рівненська,
Дубенський (міський),50.41797,25.74090,Дубно,raion,Дубенський надрайон,50.41797,25.74090,FALSE,1/1/1942 00:00,,Рівненська,
Демидівський,50.43122,25.33433,Демидівка,raion,Дубенський надрайон,50.41797,25.74090,FALSE,1/1/1942 00:00,,Рівненська,
Млинівський,50.52097,25.59112,Млинів,raion,Дубенський надрайон,50.41797,25.74090,FALSE,1/1/1942 00:00,,Рівненська,
Козинський,50.26894,25.46449,Козин,raion,Дубенський надрайон,50.41797,25.74090,FALSE,1/1/1942 00:00,,Рівненська,
Вербський,50.27712,25.60350,Верба,raion,Дубенський надрайон,50.41797,25.74090,FALSE,1/1/1942 00:00,,Рівненська,
Радивилівський,50.13362,25.25939,Радивилів,raion,Дубенський надрайон,50.41797,25.74090,FALSE,1/1/1942 00:00,,Рівненська,
Рівненська,50.62306,26.22596,Рівне,okruga,Рівненський обласний провід,50.62306,26.22596,FALSE,1/1/1942 00:00,,Рівненська,
Рівненський,50.62306,26.22596,Рівне,raion,Рівненський надрайон,50.62306,26.22596,FALSE,1/1/1942 00:00,,Рівненська,
Клеванський,50.74842,26.00527,Клевань,raion,Рівненський надрайон,50.62306,26.22596,FALSE,1/1/1942 00:00,,Рівненська,
Олександрійський,50.73510,26.345894,Олександрія,raion,Рівненський надрайон,50.62306,26.22596,FALSE,1/1/1942 00:00,,Рівненська,
Тучинський,50.70600,26.57590,Тучин,raion,Рівненський надрайон,50.62306,26.22596,FALSE,1/1/1942 00:00,,Рівненська,
Межиріцький,50.65958,26.86123,Великі Межирічі,raion,Рівненський надрайон,50.62306,26.22596,FALSE,1/1/1942 00:00,,Рівненська,
Корецький,50.62575,27.16433,Корець,raion,Рівненський надрайон,50.62306,26.22596,FALSE,1/1/1942 00:00,,Рівненська,
Рівненський (місто),50.62306,26.22596,Рівне,raion,Рівненський надрайон,50.62306,26.22596,FALSE,1/1/1942 00:00,,Рівненська,
Гощанський,50.59724,26.67843,Гоща,raion,Рівненський надрайон,50.62306,26.22596,FALSE,1/1/1942 00:00,,Рівненська,
Здолбунівський (місто),50.51761,26.24613,Здолбунів,raion,Здолбунівський надрайон,50.51761,26.24613,FALSE,1/1/1942 00:00,,Рівненська,
Здолбунівський,50.49780,26.25423,Здовбиця,raion,Здолбунівський надрайон,50.51761,26.24613,FALSE,1/1/1942 00:00,,Рівненська,
Мізоцький,50.40344,26.13637,Мізоч,raion,Здолбунівський надрайон,50.51761,26.24613,FALSE,1/1/1942 00:00,,Рівненська,
Острозький,50.33270,26.51622,Острог,raion,Здолбунівський надрайон,50.51761,26.24613,FALSE,1/1/1942 00:00,,Рівненська,
Здолбунівський,50.51761,26.24613,Здолбунів,nadraion,Рівненська оуруга,50.62306,26.22596,FALSE,1/1/1942 00:00,,Рівненська,
Рівненський,50.62306,26.22596,Рівне,nadraion,Рівненська оуруга,50.62306,26.22596,FALSE,1/1/1942 00:00,,Рівненська,
Дубенський,50.41797,25.74090,Дубно,nadraion,Рівненська оуруга,50.62306,26.22596,FALSE,1/1/1942 00:00,,Рівненська,
Бережцівський,50.09651,25.60300,Великі Бережці,nadraion,Кременецька округа,50.10282,25.73327,FALSE,1/1/1942 00:00,,Тернопільська,
Вишнівецький,49.90727,25.73820,Вишнівець,nadraion,Кременецька округа,50.10282,25.73327,FALSE,1/1/1942 00:00,,Тернопільська,
Лановецький,49.87748,26.08259,Ланівці,nadraion,Кременецька округа,50.10282,25.73327,FALSE,1/1/1942 00:00,,Тернопільська,
Шумський,50.11940,26.11255,Шумськ,nadraion,Кременецька округа,50.10282,25.73327,FALSE,1/1/1942 00:00,,Тернопільська,
Луцький,50.74388,25.31760,Луцьк,nadraion,Луцька округа,50.74388,25.31760,FALSE,1/1/1942 00:00,,Волинська,
Теремнівський,50.76073,25.38448,Теремне,nadraion,Луцька округа,50.74388,25.31760,FALSE,1/1/1942 00:00,,Волинська,
Камінь-Каширський,51.63090,24.96583,Камінь-Каширський,nadraion,"Ковельська (""Говерла"", ""Крим-Кавказ"")",51.21991,24.68703,FALSE,1/1/1942 00:00,,Волинська,
Ковельський,51.21991,24.68703,Ковель,nadraion,"Ковельська (""Говерла"", ""Крим-Кавказ"")",51.21991,24.68703,FALSE,1/1/1942 00:00,,Волинська,
Любомльський,51.22832,24.02093,Любомль,nadraion,"Ковельська (""Говерла"", ""Крим-Кавказ"")",51.21991,24.68703,FALSE,1/1/1942 00:00,,Волинська,
Володимирський,50.85770,24.31420,Володимир-Волинський,nadraion,Володимирська округа,50.74388,25.31760,FALSE,1/1/1942 00:00,,Волинська,
Горохівський,50.49854,24.75530,Горохів,nadraion,Володимирська округа,50.74388,25.31760,FALSE,1/1/1942 00:00,,Волинська,
Сарненський,51.33577,26.60877,Сарни,nadraion,"Сарненська (""Лісова Пісня"")",51.33577,26.60877,FALSE,1/1/1942 00:00,,Рівненська,
Дубровицький,51.58006,26.56591,Дубровиця,nadraion,"Сарненська (""Лісова Пісня"")",51.33577,26.60877,FALSE,1/1/1942 00:00,,Рівненська,
Костопільський,50.88393,26.43971,Костопіль,nadraion,Костопільська округа,50.88393,26.43971,FALSE,1/1/1942 00:00,,Рівненська,
Вашківецький,48.38098,25.49870,Вашківці,raion,Буковинський обласний провід ОУН,48.30173,25.94295,FALSE,1/1/1943 00:00,,Чернівецька,
Вижницький,48.24454,25.18353,Вижниця,raion,Буковинський обласний провід ОУН,48.30173,25.94295,FALSE,1/1/1943 00:00,,Чернівецька,
Заставнівський,48.52776,25.84081,Заставна,raion,Буковинський обласний провід ОУН,48.30173,25.94295,FALSE,1/1/1943 00:00,,Чернівецька,
Сторожинецький,48.16026,25.70291,Сторожинець,raion,Буковинський обласний провід ОУН,48.30173,25.94295,FALSE,1/1/1943 00:00,,Чернівецька,
Садгірський,48.34512,25.97269,Садгора,raion,Буковинський обласний провід ОУН,48.30173,25.94295,FALSE,1/1/1943 00:00,,Чернівецька,
Кіцманський,48.43912,25.76488,Кіцмань,raion,Буковинський обласний провід ОУН,48.30173,25.94295,FALSE,1/1/1943 00:00,,Чернівецька,
Станіславський,48.91769,24.70717,Івано-Франківськ,oblast,Галицький крайовий провід ОУН,49.83421,24.01532,FALSE,1/1/1942 00:00,Створений у квітні 1940 р.,Івано-Франківська,
Станіславський (міський № 1) Майзлі,48.91678,24.73288,Івано-Франківськ,raion,Станіславська округа,48.91769,24.70717,FALSE,1/1/1943 00:00,,Івано-Франківська,
Станіславський (міський № 2) Гірка,48.92958,24.72793,Івано-Франківськ,raion,Станіславська округа,48.91769,24.70717,FALSE,1/1/1943 00:00,,Івано-Франківська,
Станіславський (міський № 3) Княгинин,48.93459,24.71460,Івано-Франківськ,raion,Станіславська округа,48.91769,24.70717,FALSE,1/1/1943 00:00,,Івано-Франківська,
Станіславський (міський № 4) Бельвидер,48.92527,24.70488,Івано-Франківськ,raion,Станіславська округа,48.91769,24.70717,FALSE,1/1/1943 00:00,,Івано-Франківська,
Ямницький № 2,48.97943,24.71038,Ямниця,raion,Станіславський повіт,48.91769,24.70717,FALSE,1/1/1943 00:00,,Івано-Франківська,
Хотинський,48.51160,26.48862,Хотин,raion,Буковинський обласний провід ОУН,48.30173,25.94295,FALSE,1/1/1943 00:00,,Чернівецька,
Чернівецький (сільський),48.30173,25.94295,Чернівці,raion,Буковинський обласний провід ОУН,48.30173,25.94295,FALSE,1/1/1942 00:00,,Чернівецька,
Угорницький № 1,48.91773,24.76143,Угорники,raion,Станіславський повіт,48.91769,24.70717,FALSE,1/1/1943 00:00,,Івано-Франківська,
Черніївський № 3,48.85464,24.71591,Черніївський,raion,Станіславський повіт,48.91769,24.70717,FALSE,1/1/1943 00:00,,Івано-Франківська,
Лисецький № 4,48.86927,24.61163,Лисеця,raion,Станіславський повіт,48.91769,24.70717,FALSE,1/1/1943 00:00,,Івано-Франківська,
Богородчанський № 5,48.80929,24.53458,Богородчани,raion,Станіславський повіт,48.91769,24.70717,FALSE,1/1/1943 00:00,,Івано-Франківська,
Станіславський,48.91769,24.70717,Івано-Франківськ,povit,Станіславська округа,48.91769,24.70717,FALSE,1/1/1943 00:00,,Івано-Франківська,
Станіславська,48.91769,24.70717,Івано-Франківськ,okruga,Станіславська область,48.91769,24.70717,FALSE,1/1/1943 00:00,,Івано-Франківська,
Галицький,49.83576,24.73313,Галич,povit,Станіславська округа,48.91769,24.70717,FALSE,1/1/1943 00:00,,Івано-Франківська,
1-й (Лівобережний),49.12059,24.73313,Галич,raion,Галицький повіт,49.12059,24.73313,FALSE,1/1/1943 00:00,Лівобережжя р. Лимниця,Івано-Франківська,
2-й (Правобережний),49.11004,24.62765,Блюдники,raion,Галицький повіт,49.12059,24.73313,FALSE,1/1/1943 00:00,Правобережжя р. Лимниця,Івано-Франківська,
3-й (Єзупільський),49.04450,24.77972,Єзупіль,raion,Галицький повіт,49.12059,24.73313,FALSE,1/1/1943 00:00,,Івано-Франківська,
Тлумацький,48.86473,24.99223,Тлумач,povit,Станіславська округа,48.91769,24.70717,FALSE,1/1/1943 00:00,,Івано-Франківська,
Тлумацький,48.86473,24.99223,Тлумач,raion,Тлумацький повіт,48.86473,24.99223,FALSE,1/1/1943 00:00,,Івано-Франківська,
Отинійський № 2,48.74176,24.84560,Тисмениця,raion,Тлумацький повіт,48.86473,24.99223,FALSE,1/1/1943 00:00,,Івано-Франківська,
Тисменицький,48.90886,25.17154,Обертин,raion,Тлумацький повіт,48.86473,24.99223,FALSE,1/1/1943 00:00,,Івано-Франківська,
Городенківський,48.67234,25.48854,Городенка,povit,Коломийська округа,48.53829,25.05110,FALSE,1/1/1943 00:00,,Івано-Франківська,
Городенківський,48.67234,25.48854,Городенка,raion,Городенківський повіт,48.67234,25.48854,FALSE,1/1/1943 00:00,,Івано-Франківська,
Чорнолізький,48.83433,24.89763,Чорнолізці,raion,Городенківський повіт,48.67234,25.48854,FALSE,1/1/1943 00:00,,Івано-Франківська,
Обертинський,48.69244,24.84864,Отинія,raion,Городенківський повіт,48.67234,25.48854,FALSE,1/1/1943 00:00,,Івано-Франківська,
Гвіздецький,48.57689,25.27707,Гвіздець,raion,Городенківський повіт,48.67234,25.48854,FALSE,1/1/1943 00:00,,Івано-Франківська,
Коломийська,48.53829,25.05110,Коломия,okruga,Станіславська область,48.91769,24.70717,FALSE,1/1/1943 00:00,,Івано-Франківська,
Коломийський,48.53829,25.05110,Коломия,povit,Коломийська округа,48.53829,25.05110,FALSE,1/1/1942 00:00,,Івано-Франківська,
Коломийський (міський),48.53829,25.05110,Коломия,raion,Коломийський повіт,48.53829,25.05110,FALSE,1/1/1942 00:00,,Івано-Франківська,
Коломийський (сільський),48.53829,25.05110,Коломия,raion,Коломийський повіт,48.53829,25.05110,FALSE,1/1/1942 00:00,,Івано-Франківська,
Печеніжинський,48.51524,24.88617,Печеніжин,raion,Коломийський повіт,48.53829,25.05110,FALSE,1/1/1942 00:00,,Івано-Франківська,
Коршівський,48.66115,25.01662,Коршів,raion,Коломийський повіт,48.53829,25.05110,FALSE,1/1/1942 00:00,,Івано-Франківська,
Косівський,48.32111,25.11178,Косів,povit,Коломийська округа,48.53829,25.05110,FALSE,1/1/1942 00:00,,Івано-Франківська,
Кутський,48.26504,25.17749,Кути,raion,Косівський повіт,48.32111,25.11178,FALSE,1/1/1942 00:00,,Івано-Франківська,
Косівський,48.32111,25.11178,Косів,raion,Косівський повіт,48.32111,25.11178,FALSE,1/1/1942 00:00,,Івано-Франківська,
Яблунівський,48.40494,24.95039,Яблунів,raion,Косівський повіт,48.32111,25.11178,FALSE,1/1/1942 00:00,,Івано-Франківська,
Жаб'євський,48.15631,24.82114,Верховина,raion,Косівський повіт,48.32111,25.11178,FALSE,1/1/1942 00:00,,Івано-Франківська,
Снятинський (міський),48.45094,25.56687,Снятин,raion,Городенківський повіт,48.67234,25.48854,FALSE,1/1/1942 00:00,,Івано-Франківська,
Снятинський (сільський),48.45094,25.56687,Снятин,raion,Городенківський повіт,48.67234,25.48854,FALSE,1/1/1942 00:00,,Івано-Франківська,
Заболотівський,48.47369,25.28361,Заболотів,raion,Городенківський повіт,48.67234,25.48854,FALSE,1/1/1942 00:00,,Івано-Франківська,
Надвірнянський,48.63225,24.56773,Надвірна,povit,Коломийська округа,48.53829,25.05110,FALSE,1/1/1942 00:00,,Івано-Франківська,
Надвірнянський (місто),48.63225,24.56773,Надвірна,raion,Надвірнянський повіт,48.63225,24.56773,FALSE,1/1/1942 00:00,,Івано-Франківська,
Надвірнянський (район),48.63225,24.56773,Надвірна,raion,Надвірнянський повіт,48.63225,24.56773,FALSE,1/1/1942 00:00,,Івано-Франківська,
Делятинський,48.53039,24.62333,Делятин,raion,Надвірнянський повіт,48.63225,24.56773,FALSE,1/1/1942 00:00,,Івано-Франківська,
Перегінський,48.80901,24.19075,Солотвин,raion,Надвірнянський повіт,48.63225,24.56773,FALSE,1/1/1942 00:00,,Івано-Франківська,
Ланчинський,48.55098,24.75019,Ланчин,raion,Надвірнянський повіт,48.63225,24.56773,FALSE,1/1/1942 00:00,,Івано-Франківська,
Калуська,49.04153,24.38020,Калуш,okruga,Станіславська область,48.91769,24.70717,FALSE,1/1/1942 00:00,,Івано-Франківська,
Калуська (міська),49.04153,24.38020,Калуш,raion,Калуський повіт,49.04153,24.38020,FALSE,1/1/1942 00:00,,Івано-Франківська,
Калуська (сільська),49.04153,24.38020,Калуш,raion,Калуський повіт,49.04153,24.38020,FALSE,1/1/1942 00:00,,Івано-Франківська,
Калуський,49.04153,24.38020,Калуш,povit,Калуська округа,49.04153,24.38020,FALSE,1/1/1942 00:00,,Івано-Франківська,
Долинський,48.97555,23.99812,Долина,povit,Калуська округа,49.04153,24.38020,FALSE,1/1/1942 00:00,,Івано-Франківська,
Болехівський,49.06905,23.84851,Болехів,raion,Долинський повіт,48.97555,23.99812,FALSE,1/1/1942 00:00,,Івано-Франківська,
Войнилівський,49.12581,24.49374,Войнилів,raion,Калуський повіт,49.04153,24.38020,FALSE,1/1/1942 00:00,,Івано-Франківська,
Долинський,48.97555,23.99812,Долина,raion,Долинський повіт,49.04153,23.99812,FALSE,1/1/1942 00:00,,Івано-Франківська,
Вигодський,48.92652,23.91854,Вигода,raion,Долинський повіт,49.04153,23.99812,FALSE,1/1/1942 00:00,,Івано-Франківська,
Рожнятівський,48.94371,24.155032,Рожнятів,raion,Долинський повіт,49.04153,23.99812,FALSE,1/1/1942 00:00,,Івано-Франківська,
Львівський,49.839683,24.029717,Львів,oblast,Галицький крайовий провід ОУН,49.84180,24.03388,FALSE,1/1/1942 00:00,,Львівська,
"Львівський (міський) № 2 ""Цитадель""49.83234765901683, 24.02400972648887",49.839684,24.029718,Львів,raion,Львівська округа,49.84180,24.03388,FALSE,1/1/1942 00:00,,Львівська,
"Львівський (міський) № 1 ""Середмістя""",49.839685,24.029719,Львів,raion,Львівська округа,49.84180,24.03388,FALSE,1/1/1942 00:00,,Львівська,
"Львівський (міський) № 3 ""Янівський""",49.839686,24.029720,Львів,raion,Львівська округа,49.84180,24.03388,FALSE,1/1/1942 00:00,,Львівська,
Львівський (міський) Левандівський,49.839687,24.029721,Львів,raion,Львівська округа,49.84180,24.03388,FALSE,1/1/1942 00:00,,Львівська,
Львівський (міський) Личаківський,49.839688,24.029722,Львів,raion,Львівська округа,49.84180,24.03388,FALSE,1/1/1942 00:00,,Львівська,
Львівський (міський) Городоцький,49.839689,24.029723,Львів,raion,Львівська округа,49.84180,24.03388,FALSE,1/1/1942 00:00,,Львівська,
Львівський (міський) Жовківський,49.839690,24.029724,Львів,raion,Львівська округа,49.84180,24.03388,FALSE,1/1/1942 00:00,,Львівська,
Львівський (міський) Стрийський,49.839691,24.029725,Львів,raion,Львівська округа,49.84180,24.03388,FALSE,1/1/1942 00:00,,Львівська,
Львівська (Городоцька),49.839692,24.029726,Львів,okruga,Львівська область,49.84180,24.03388,FALSE,1/1/1942 00:00,,Львівська,
Городоцький,49.78290,23.66235,Городок,povit,Львівська округа,49.84180,24.03388,FALSE,1/1/1942 00:00,,Львівська,
Городоцький,49.78290,23.66235,Городок,raion,Городоцький повіт,49.78290,23.66235,FALSE,1/1/1942 00:00,,Львівська,
Керницький,49.76541,23.71363,Керниця,raion,Городоцький повіт,49.78290,23.66235,FALSE,1/1/1942 00:00,,Львівська,
Мшанський,49.83206,23.78111,Мшана,raion,Городоцький повіт,49.78290,23.66235,FALSE,1/1/1942 00:00,,Львівська,
Яновський,49.91948,23.73024,Івано-Франкове,raion,Городоцький повіт,49.78290,23.66235,FALSE,1/1/1942 00:00,,Львівська,
Жорниський,49.90818,23.81835,Жорниська,raion,Городоцький повіт,49.78290,23.66235,FALSE,1/1/1942 00:00,,Львівська,
Ставичанський,49.76330,23.84168,Ставичани,raion,Городоцький повіт,49.78290,23.66235,FALSE,1/1/1942 00:00,,Львівська,
Бартківський,49.80084,23.81824,Бартатів,raion,Городоцький повіт,49.78290,23.66235,FALSE,1/1/1942 00:00,,Львівська,
Мацеївський,51.23091,24.34327,Луків,raion,Ковельський надрайон,51.21389,24.70197,FALSE,1/1/1942 00:00,,Волинська,
Бібрський,49.64012,24.29747,Бібрка,povit,Рогатинська округа,49.41296,24.61280,FALSE,1/1/1942 00:00,,Львівська,
Бібрський,49.64012,24.29747,Бібрка,raion,Бібрський повіт,49.64012,24.29747,FALSE,1/1/1942 00:00,,Львівська,
Рогатин,49.41296,24.61280,Рогатин,okruga,Львівська область,49.84180,24.03388,FALSE,1/1/1942 00:00,,Івано-Франківська,
Винниківський,49.81268,24.13794,Винники,raion,Бібрський повіт,49.64012,24.29747,FALSE,1/1/1942 00:00,,Львівська,
Ходорівський,49.40471,24.31058,Ходорів,raion,Бібрський повіт,49.64012,24.29747,FALSE,1/1/1942 00:00,,Львівська,
Новострілищанський,49.51685,24.40573,Нові Стрілища,raion,Бібрський повіт,49.64012,24.29747,FALSE,1/1/1942 00:00,,Львівська,
Рогатинський,49.41296,24.61280,Рогатин,povit,Рогатинська округа,49.41296,24.61280,FALSE,1/1/1942 00:00,,Івано-Франківська,
Рогатинський,49.41296,24.61280,Рогатин,raion,Рогатинський повіт,49.41296,24.61280,FALSE,1/1/1942 00:00,,Івано-Франківська,
Бурштинський,49.26434,24.62748,Бурштин,raion,Рогатинський повіт,49.41296,24.61280,FALSE,1/1/1942 00:00,,Івано-Франківська,
Букачівцівський,49.25393,24.50044,Букачівці,raion,Рогатинський повіт,49.41296,24.61280,FALSE,1/1/1942 00:00,,Івано-Франківська,
Більшівцівський,49.18541,24.74409,Більшівці,raion,Рогатинський повіт,49.41296,24.61280,FALSE,1/1/1942 00:00,,Івано-Франківська,
Рава-Руська,50.22897,23.61676,Рава-Руська,okruga,Львівська область,49.84180,24.03388,FALSE,1/1/1942 00:00,,Львівська,
Рава-Руський,50.22897,23.61676,Рава-Руська,povit,Рава-Руська округа,50.22897,23.61676,FALSE,1/1/1942 00:00,,Львівська,
Рава-Руський,50.22897,23.61676,Рава-Руська,raion,Рава-Руський повіт,50.22897,23.61676,FALSE,1/1/1942 00:00,,Львівська,
Угнівський,50.36816,23.75046,Угнів,raion,Рава-Руський повіт,50.22897,23.61676,FALSE,1/1/1942 00:00,,Львівська,
Немирівський,50.10388,23.44044,Немирів,raion,Рава-Руський повіт,50.22897,23.61676,FALSE,1/1/1942 00:00,,Львівська,
Магерівський,50.10735,23.70137,Магерів,raion,Рава-Руський повіт,50.22897,23.61676,FALSE,1/1/1942 00:00,,Львівська,
Сокальський,50.48762,24.28330,Сокаль,povit,Рава-Руська округа,50.22897,23.61676,FALSE,1/1/1942 00:00,,Львівська,
Рава-Руський (міський),50.22897,23.61676,Рава-Руська,raion,Рава-Руський пові,50.22897,23.61676,FALSE,1/1/1942 00:00,,Львівська,
Сокальський (міський),50.48762,24.28330,Сокаль,raion,Сокальський повіт,50.48762,24.28330,FALSE,1/1/1942 00:00,,Львівська,
Сокальський (сільський),50.48762,24.28330,Сокаль,raion,Сокальський повіт,50.48762,24.28330,FALSE,1/1/1942 00:00,,Львівська,
Белзький,50.38162,24.00298,Белз,raion,Сокальський повіт,50.48762,24.28330,FALSE,1/1/1942 00:00,,Львівська,
Кристонопільський,50.38582,24.22611,Червоноград,raion,Сокальський повіт,50.48762,24.28330,FALSE,1/1/1942 00:00,,Львівська,
Жовківський,50.05452,23.97561,Жовква,povit,Рава-Руська округа,50.22897,23.61676,FALSE,1/1/1942 00:00,,Львівська,
Жовківський (міський),50.05452,23.97561,Жовква,raion,Жовківський повіт,50.05452,23.97561,FALSE,1/1/1942 00:00,,Львівська,
Жовківський (сільський),50.05452,23.97561,Жовква,raion,Жовківський повіт,50.05452,23.97561,FALSE,1/1/1942 00:00,,Львівська,
Великомостівський,50.24305,24.15075,Великі Мости,raion,Жовківський повіт,50.05452,23.97561,FALSE,1/1/1942 00:00,,Львівська,
Куликівський,49.97926,24.07694,Куликів,raion,Жовківський повіт,50.05452,23.97561,FALSE,1/1/1942 00:00,,Львівська,
Брюховицький,49.90602,23.95093,Брюховичі,raion,Жовківський повіт,50.05452,23.97561,FALSE,1/1/1942 00:00,,Львівська,
Яричівський,49.90318,24.30717,Новий Яричів,raion,Жовківський повіт,50.05452,23.97561,FALSE,1/1/1942 00:00,,Львівська,
Золочівська,49.80690,24.89574,Золочів,okruga,Львівська область,49.84180,24.03388,FALSE,1/1/1942 00:00,Створена наприкінці 1937 р.,Львівська,
Золочівський,49.80690,24.89574,Золочів,povit,Золочівська округа,49.80690,24.89574,FALSE,1/1/1942 00:00,,Львівська,
Золочівський (міський),49.80690,24.89574,Золочів,raion,Золочівський повіт,49.80690,24.89574,FALSE,1/1/1942 00:00,,Львівська,
Золочівський (сільський),49.80690,24.89574,Золочів,raion,Золочівський повіт,49.80690,24.89574,FALSE,1/1/1942 00:00,,Львівська,
Глинянський,49.82381,24.51730,Глиняни,raion,Перемишлянський повіт,49.67037,24.55872,FALSE,1/1/1942 00:00,,Львівська,
Олеський,49.96278,24.89237,Олесько,raion,Бродівський повіт,49.80690,24.89574,FALSE,1/1/1942 00:00,,Львівська,
Краснянський,49.92239,24.61799,Красне,raion,Золочівський повіт,49.80690,24.89574,FALSE,1/1/1942 00:00,,Львівська,
Кам'янка-Струмилівський,50.10496,24.34242,Кам'янка-Бузька,povit,Жовківська округа,50.05452,23.97561,FALSE,1/1/1942 00:00,,Львівська,
Кам'янка-Струмилівський (міський),50.10496,24.34242,Кам'янка-Бузька,raion,Кам'янка-Струмилівський повіт,50.10496,24.34242,FALSE,1/1/1942 00:00,,Львівська,
Кам'янка-Струмилівський (сільський),50.10496,24.34242,Кам'янка-Бузька,raion,Кам'янка-Струмилівський повіт,50.10496,24.34242,FALSE,1/1/1942 00:00,,Львівська,
Буський,49.96602,24.61156,Буськ,raion,Золочівський повіт,49.80690,24.89574,FALSE,1/1/1942 00:00,,Львівська,
Бродівський,50.08371,25.14178,Броди,povit,Золочівська округа,49.80690,24.89574,FALSE,1/1/1942 00:00,,Львівська,
Радехівський,50.28293,24.63124,Радехів,raion,Сокальський повіт,50.48762,24.28330,FALSE,1/1/1942 00:00,,Львівська,
Лопатинський,50.22230,24.85015,Лопатин,raion,Сокальський повіт,50.48762,24.28330,FALSE,1/1/1942 00:00,,Львівська,
Бродівський (міський),50.08371,25.14178,Броди,raion,Бродівський повіт,50.08371,25.14178,FALSE,1/1/1942 00:00,,Львівська,
Бродівський (сільський),50.08371,25.14178,Броди,raion,Бродівський повіт,50.08371,25.14178,FALSE,1/1/1942 00:00,,Львівська,
Пониковицький,50.05150,25.04664,Пониковиця,raion,Бродівський повіт,50.08371,25.14178,FALSE,1/1/1942 00:00,,Львівська,
Підкамінський,49.94544,25.32054,Підкамінь,raion,Бродівський повіт,50.08371,25.14178,FALSE,1/1/1942 00:00,,Львівська,
Новомилятинський,49.96510,24.49469,Новий Милятин,raion,Кам'янка-Струмилівський повіт,50.10496,24.34242,FALSE,1/1/1942 00:00,,Львівська,
Заболотцівський,50.03039,24.97509,Заболотці,raion,Бродівський повіт,50.08371,25.14178,FALSE,1/1/1942 00:00,,Львівська,
Дрогобицька (Стрийська),49.35193,23.50110,Дрогобич,oblast,Галицький крайовий провід ОУН,49.84180,24.01532,FALSE,1/1/1942 00:00,Створена у липні 1941 р.,Львівська,
Дрогобицький (міський),49.35193,23.50110,Дрогобич,povit,Дрогобицька область,49.35193,23.50110,FALSE,1/1/1942 00:00,,Львівська,
Дрогобицький,49.35193,23.50110,Дрогобич,povit,Стрийська округа,49.26391,23.83701,FALSE,1/1/1942 00:00,,Львівська,
Дрогобицька,49.35193,23.50110,Дрогобич,raion,Дрогобицький повіт,49.35193,23.50110,FALSE,1/1/1942 00:00,,Львівська,
Бориславський,49.29748,23.41619,Борислав,raion,Дрогобицький повіт,49.35193,23.50110,FALSE,1/1/1942 00:00,,Львівська,
Трускавецький,49.27754,23.50451,Трускавець,raion,Дрогобицький повіт,49.35193,23.50110,FALSE,1/1/1942 00:00,,Львівська,
Медениченський,49.43110,23.74668,Меденичі,raion,Дрогобицький повіт,49.35193,23.50110,FALSE,1/1/1942 00:00,,Львівська,
Стебницький,49.30075,23.54989,Стебник,raion,Дрогобицький повіт,49.35193,23.50110,FALSE,1/1/1942 00:00,,Львівська,
Добрівлянський,49.43599,23.57013,Добрівляни,raion,Дрогобицький повіт,49.35193,23.50110,FALSE,1/1/1942 00:00,,Львівська,
Підбузький,49.33467,23.24814,Підбуж,raion,Дрогобицький повіт,49.35193,23.50110,FALSE,1/1/1942 00:00,,Львівська,
Стрийська,49.26391,23.83701,Стрий,okruga,Дрогобицька область,49.35193,23.50110,FALSE,1/1/1942 00:00,,Львівська,
Стрийський,49.26391,23.83701,Стрий,povit,Стрийська округа,49.26391,23.83701,FALSE,1/1/1942 00:00,,Львівська,
Стрийський (міський),49.26391,23.83701,Стрий,raion,Стрийський повіт,49.26391,23.83701,FALSE,1/1/1942 00:00,,Львівська,
Стрийський (сільський),49.26391,23.83701,Стрий,raion,Стрийський повіт,49.26391,23.83701,FALSE,1/1/1942 00:00,,Львівська,
Сколівський,49.03821,23.51252,Сколе,povit,Сколівський повіт,49.03821,23.51252,FALSE,1/1/1942 00:00,,Львівська,
Славський,48.84350,23.44107,Славське,raion,Сколівський повіт,49.03821,23.51252,FALSE,1/1/1942 00:00,,Львівська,
Сколівський,49.03821,23.51252,Сколе,raion,Сколівський повіт,49.03821,23.51252,FALSE,1/1/1942 00:00,,Львівська,
Козьовський,48.95143,23.34511,Козьова,raion,Сколівський повіт,49.03821,23.51252,FALSE,1/1/1942 00:00,,Львівська,
Верхнє Синьовиднівський,49.10349,23.58059,Верхнє Синьовидне,raion,Сколівський повіт,49.03821,23.51252,FALSE,1/1/1942 00:00,,Львівська,
Підгородецький,49.15879,23.42502,Підгородці,raion,Сколівський повіт,49.03821,23.51252,FALSE,1/1/1942 00:00,,Львівська,
Угерський,49.30180,23.90807,Угерськ,raion,Стрийський повіт,49.26391,23.83701,FALSE,1/1/1942 00:00,,Львівська,
Дашавський,49.26090,24.00825,Дашава,raion,Стрийський повіт,49.26391,23.83701,FALSE,1/1/1942 00:00,,Львівська,
Моршинський,49.15436,23.86926,Моршин,raion,Стрийський повіт,49.26391,23.83701,FALSE,1/1/1942 00:00,,Львівська,
Грабовецький,49.23838,23.79281,Грабовець,raion,Стрийський повіт,49.26391,23.83701,FALSE,1/1/1942 00:00,,Львівська,
Жидачівський,49.38653,24.14032,Жидачів,povit,Стрийська округа,49.26391,23.83701,FALSE,1/1/1942 00:00,,Львівська,
Жидачівський,49.38653,24.14032,Жидачів,raion,Жидачівський повіт,49.38653,24.14032,FALSE,1/1/1942 00:00,,Львівська,
Журавнівський,49.26459,24.27805,Журавно,raion,Жидачівський повіт,49.38653,24.14032,FALSE,1/1/1942 00:00,,Львівська,
Роздільський,49.46396,24.06277,Розділ,raion,Жидачівський повіт,49.38653,24.14032,FALSE,1/1/1942 00:00,,Львівська,
Миколаївський,49.53029,23.97290,Миколаїв,povit,Стрийська округа,49.26391,23.83701,FALSE,1/1/1942 00:00,,Львівська,
Миколаївський,49.53029,23.97290,Миколаїв,raion,Миколаївський повіт,49.53029,23.97290,FALSE,1/1/1942 00:00,,Львівська,
Пустомитівський,49.71813,23.89852,Пустомити,raion,Миколаївський повіт,49.53029,23.97290,FALSE,1/1/1942 00:00,,Львівська,
Щирецький,49.64899,23.85476,Щирець,raion,Миколаївський повіт,49.53029,23.97290,FALSE,1/1/1942 00:00,,Львівська,
Самбірська,49.51446,23.19902,Самбір,okruga,Дрогобицька область,49.35193,23.50110,FALSE,1/1/1942 00:00,,Львівська,
Самбірський,49.51446,23.19902,Самбір,povit,Самбірська округа,49.51446,23.19902,FALSE,1/1/1942 00:00,,Львівська,
Самбірський (міський),49.51446,23.19902,Самбір,raion,Самбірська повіт,49.51446,23.19902,FALSE,1/1/1942 00:00,,Львівська,
Самбірський (сільський),49.51446,23.19902,Самбір,raion,Самбірська повіт,49.51446,23.19902,FALSE,1/1/1942 00:00,,Львівська,
Калинівський,49.55112,23.30762,Калинів,raion,Самбірська повіт,49.51446,23.19902,FALSE,1/1/1942 00:00,,Львівська,
Дублянівський,49.49921,23.39211,Дубляни,raion,Самбірська повіт,49.51446,23.19902,FALSE,1/1/1942 00:00,,Львівська,
Бісковицький,49.54155,23.16687,Бісковичі,raion,Самбірська повіт,49.51446,23.19902,FALSE,1/1/1942 00:00,,Львівська,
Добромильський,49.57036,22.78470,Добромиль,povit,Самбірська округа,49.51446,23.19902,FALSE,1/1/1942 00:00,,Львівська,
Хирівський,49.53333,22.85643,Хирів,raion,Добромильський повіт,49.57036,22.78470,FALSE,1/1/1942 00:00,,Львівська,
Добромильський,49.57036,22.78470,Добромиль,raion,Добромильський повіт,49.57036,22.78470,FALSE,1/1/1942 00:00,,Львівська,
Новомістівський,49.61744,22.85801,Нове Місто,raion,Добромильський повіт,49.57036,22.78470,FALSE,1/1/1942 00:00,,Львівська,
Риботичівський,49.65612,22.64359,Риботичі,raion,Добромильський повіт,49.57036,22.78470,FALSE,1/1/1942 00:00,,Львівська,
Старосамбірський,49.44809,23.00239,Старий Самбір,povit,Самбірська округа,49.51446,23.19902,FALSE,1/1/1942 00:00,,Львівська,
Блажівський,49.42505,23.15996,Блажів,raion,Старосамбірський повіт,49.44809,23.00239,FALSE,1/1/1942 00:00,,Львівська,
Старосамбірський,49.44809,23.00239,Старий Самбір,raion,Старосамбірський повіт,49.44809,23.00239,FALSE,1/1/1942 00:00,,Львівська,
Старосільський,49.48875,22.96320,Стара Сіль,raion,Старосамбірський повіт,49.44809,23.00239,FALSE,1/1/1942 00:00,,Львівська,
Стрілківський,49.32865,22.97697,Стрілки,raion,Старосамбірський повіт,49.44809,23.00239,FALSE,1/1/1942 00:00,,Львівська,
Устрико-Долішнівський,49.43910,22.57460,Устрики-Долішні,povit,Самбірська округа,49.51446,23.19902,FALSE,1/1/1942 00:00,,Львівська,
Устрико-Долішнівський,49.43910,22.57460,Устрики-Долішні,raion,Устрико-Долішнівський повіт,49.43910,22.57460,FALSE,1/1/1942 00:00,,Підкарпатська воєводство (Польща),
Коросненський,49.47313,22.66169,Коросно,raion,Устрико-Долішнівський повіт,49.43910,22.57460,FALSE,1/1/1942 00:00,,Підкарпатська воєводство (Польща),
Лаврівський,49.39787,22.87904,Лаврів,raion,Устрико-Долішнівський повіт,49.43910,22.57460,FALSE,1/1/1942 00:00,,Підкарпатська воєводство (Польща),
Турківський,49.15617,23.02393,Турка,povit,Самбірська округа,49.51446,23.19902,FALSE,1/1/1942 00:00,,Львівська,
Турківський,49.15617,23.02393,Турка,raion,Турківський повіт,49.15617,23.02393,FALSE,1/1/1942 00:00,,Львівська,
Матківський,48.91478,23.10776,Матків,raion,Турківський повіт,49.15617,23.02393,FALSE,1/1/1942 00:00,,Львівська,
Комарницький,48.99755,23.04309,Комарники,raion,Турківський повіт,49.15617,23.02393,FALSE,1/1/1942 00:00,,Львівська,
Розлучський,49.24025,22.95583,Розлуч,raion,Турківський повіт,49.15617,23.02393,FALSE,1/1/1942 00:00,,Львівська,
Рудківський,49.65327,23.48472,Рудки,povit,Самбірська округа,49.51446,23.19902,FALSE,1/1/1942 00:00,,Львівська,
Комарно,49.62878,23.70251,Комарно,raion,Рудківський повіт,49.65327,23.48472,FALSE,1/1/1942 00:00,,Львівська,
Рудківський,49.65327,23.48472,Рудки,raion,Рудківський повіт,49.65327,23.48472,FALSE,1/1/1942 00:00,,Львівська,
Хлопчицицька,49.61043,23.41443,Хлопчиці,raion,Рудківський повіт,49.65327,23.48472,FALSE,1/1/1942 00:00,,Львівська,
Яворівський,49.93424,23.38553,Яворів,povit,Львівська округа,49.84180,24.03388,FALSE,1/1/1942 00:00,,Львівська,
Яворівський,49.93424,23.38553,Яворів,raion,Яворівський повіт,49.93424,23.38553,FALSE,1/1/1942 00:00,,Львівська,
Краковецький,49.96279,23.15454,Краковець,raion,Яворівський повіт,49.93424,23.38553,FALSE,1/1/1942 00:00,,Львівська,
Верблянський,50.04699,23.42195,Вербляни,raion,Яворівський повіт,49.93424,23.38553,FALSE,1/1/1942 00:00,,Львівська,
Судововишнянський,49.79268,23.37072,Судова Вишня,raion,Яворівський повіт,49.93424,23.38553,FALSE,1/1/1942 00:00,,Львівська,
Крукеничівський,49.68912,23.15709,Крукеничі,raion,Яворівський повіт,49.93424,23.38553,FALSE,1/1/1942 00:00,,Львівська,
"Перемишльська (""Олімп"")",49.78789,22.76810,Перемишль,oblast,Галицький крайовий провід ОУН,49.83421,24.01532,FALSE,1/1/1943 00:00,,Підкарпатська воєводство (Польща),
"Перемишльська (""Вулкан"")",49.78789,22.76810,Перемишль,povit,Перемишльський обласний провід ОУН,49.78789,22.76810,FALSE,1/1/1943 00:00,,Підкарпатська воєводство (Польща),
"Мостиський (""Могила"")",49.80042,23.14647,Мостиська,povit,Перемишльський обласний провід ОУН,49.78789,22.76810,FALSE,1/1/1943 00:00,,Підкарпатська воєводство (Польща),
Бірчанський,49.69226,22.48565,Бірча,povit,Перемишльський обласний провід ОУН,49.78789,22.76810,FALSE,1/1/1943 00:00,,Підкарпатська воєводство (Польща),
Ліський,49.47431,22.33591,Лісько,povit,Перемишльський обласний провід ОУН,49.78789,22.76810,FALSE,1/1/1943 00:00,,Підкарпатська воєводство (Польща),
Сяноцький,49.55918,22.20644,Сянік,povit,Перемишльський обласний провід ОУН,49.78789,22.76810,FALSE,1/1/1943 00:00,,Підкарпатська воєводство (Польща),
Білограйський,50.54005,22.70991,Білограй,povit,Перемишльський обласний провід ОУН,49.78789,22.76810,FALSE,1/1/1943 00:00,,Підкарпатська воєводство (Польща),
Горлицький,49.66098,21.16167,Горлиці,povit,Перемишльський обласний провід ОУН,49.78789,22.76810,FALSE,1/1/1943 00:00,,Підкарпатська воєводство (Польща),
Ярославський,50.03218,22.68470,Ярослав,povit,Перемишльський обласний провід ОУН,49.78789,22.76810,FALSE,1/1/1943 00:00,,Підкарпатська воєводство (Польща),
Коросненський,49.69106,21.75653,Коросно,povit,Перемишльський обласний провід ОУН,49.78789,22.76810,FALSE,1/1/1943 00:00,,Підкарпатська воєводство (Польща),
"Холмська (""Король Данило"")",51.13945,23.47820,Холм,oblast,Крайовий провід ОУН на ПЗУЗ,,,TRUE,1/1/1943 00:00,,Люблінське воєводство (Польща),
Холмський,51.13945,23.47820,Холм,povit,Холмський обласний провід ОУН,51.13945,23.47820,FALSE,1/1/1943 00:00,,Люблінське воєводство (Польща),
Грубешівський,50.81196,23.87962,Грубешів,povit,Холмський обласний провід ОУН,51.13945,23.47820,FALSE,1/1/1943 00:00,,Люблінське воєводство (Польща),
Томашівський,50.45257,23.42868,Томашів,povit,Холмський обласний провід ОУН,51.13945,23.47820,FALSE,1/1/1943 00:00,,Люблінське воєводство (Польща),
Влодавський,51.54325,23.52900,Влодава,povit,Холмський обласний провід ОУН,51.13945,23.47820,FALSE,1/1/1943 00:00,,Люблінське воєводство (Польща),
Білопідляський,52.03019,23.13461,Біла Підляська,povit,Холмський обласний провід ОУН,51.13945,23.47820,FALSE,1/1/1943 00:00,,Люблінське воєводство (Польща),
Красноставський,50.98118,23.17155,Красностав,povit,Холмський обласний провід ОУН,51.13945,23.47820,FALSE,1/1/1943 00:00,,Люблінське воєводство (Польща),
Замойський,50.72312,23.25797,Замостя,povit,Холмський обласний провід ОУН,51.13945,23.47820,FALSE,1/1/1943 00:00,,Люблінське воєводство (Польща),
Тернопільська,49.55821,25.60164,Тернопіль,oblast,Галицький крайовий провід ОУН,49.83421,24.01532,FALSE,1/1/1942 00:00,Створений у 1940 р.,Тернопільська,
Тернопільський,49.55654,25.60593,Тернопіль,okruga,Тернопільська область,49.55654,25.60593,FALSE,1/1/1942 00:00,,Тернопільська,
Тернопільський,49.55654,25.60593,Тернопіль,povit,Тернопільська округа,49.55654,25.60593,FALSE,1/1/1942 00:00,,Тернопільська,
Тернопільський (міський),49.55654,25.60593,Тернопіль,raion,Тернопільський повіт,49.55654,25.60593,FALSE,1/1/1942 00:00,,Тернопільська,
Тернопільський (сільський),49.55654,25.60593,Тернопіль,raion,Тернопільський повіт,49.55654,25.60593,FALSE,1/1/1942 00:00,,Тернопільська,
Великоглибочецький,49.62134,25.52858,Великий Глибочок,raion,Тернопільський повіт,49.55654,25.60593,FALSE,1/1/1942 00:00,,Тернопільська,
Великоборківський,49.52195,25.75769,Великі Бірки,raion,Тернопільський повіт,49.55654,25.60593,FALSE,1/1/1942 00:00,,Тернопільська,
Микулинецький,49.39496,25.60931,Микулинці,raion,Тернопільський повіт,49.55654,25.60593,FALSE,1/1/1942 00:00,,Тернопільська,
Козлівський,49.55657,25.33825,Козлів,raion,Тернопільський повіт,49.55654,25.60593,FALSE,1/1/1942 00:00,,Тернопільська,
Настасівський,49.42659,25.50442,Настасів,raion,Тернопільський повіт,49.55654,25.60593,FALSE,1/1/1942 00:00,,Тернопільська,
Скалатський,49.43215,25.97406,Скалат,raion,Скалатський повіт,49.43215,25.97406,FALSE,1/1/1942 00:00,,Тернопільська,
Скалатський,49.43215,25.97406,Скалат,raion,Скалатський повіт,49.43215,25.97406,FALSE,1/1/1942 00:00,,Тернопільська,
Гримайлівський,49.32831,26.00857,Гримайлів,raion,Скалатський повіт,49.43215,25.97406,FALSE,1/1/1942 00:00,,Тернопільська,
Підволочиський,49.53113,26.13565,Підволочиськ,raion,Скалатський повіт,49.43215,25.97406,FALSE,1/1/1942 00:00,,Тернопільська,
Турівський,49.39777,26.16492,Турівка,raion,Скалатський повіт,49.43215,25.97406,FALSE,1/1/1942 00:00,,Тернопільська,
Остап'ївський,49.38059,26.03397,Остап'є,raion,Скалатський повіт,49.43215,25.97406,FALSE,1/1/1942 00:00,,Тернопільська,
Скалатський,49.43215,25.97406,Скалат,povit,Тернопільська округа,49.55654,25.60593,FALSE,1/1/1942 00:00,,Тернопільська,
Теребовлянський,49.30071,25.70247,Теребовля,povit,Тернопільська округа,49.55654,25.60593,FALSE,1/1/1942 00:00,,Тернопільська,
Теребовлянський,49.30071,25.70247,Теребовля,raion,Теребовлянський повіт,49.30071,25.70247,FALSE,1/1/1942 00:00,,Тернопільська,
Буданівський,49.16694,25.70657,Буданів,raion,Теребовлянський повіт,49.30071,25.70247,FALSE,1/1/1942 00:00,,Тернопільська,
Струсівський,49.33861,25.61406,Струсів,raion,Теребовлянський повіт,49.30071,25.70247,FALSE,1/1/1942 00:00,,Тернопільська,
Лошнівський,49.36677,25.71976,Лошнів,raion,Теребовлянський повіт,49.30071,25.70247,FALSE,1/1/1942 00:00,,Тернопільська,
Драхівський,49.28993,25.54017,Драхів,raion,Теребовлянський повіт,49.30071,25.70247,FALSE,1/1/1942 00:00,,Тернопільська,
Копичинський,49.11309,25.91317,Копичинці,povit,Тернопільська округа,49.55654,25.60593,FALSE,1/1/1942 00:00,,Тернопільська,
Копичинецький,49.11309,25.91317,Копичинці,raion,Копичинецький повіт,49.11309,25.91317,FALSE,1/1/1942 00:00,,Тернопільська,
Хоростківський,49.21177,25.91843,Хоростків,raion,Копичинецький повіт,49.11309,25.91317,FALSE,1/1/1942 00:00,,Тернопільська,
Гусятинський,49.07792,26.17963,Гусятин,raion,Копичинецький повіт,49.11309,25.91317,FALSE,1/1/1942 00:00,,Тернопільська,
Пробіжнянський,49.02009,25.98089,Пробіжна,raion,Копичинецький повіт,49.11309,25.91317,FALSE,1/1/1942 00:00,,Тернопільська,
Сухоставський,49.15787,25.84657,Сухостав,raion,Копичинецький повіт,49.11309,25.91317,FALSE,1/1/1942 00:00,,Тернопільська,
Чортківська,49.01514,25.79931,Чортків,okruga,Тернопільська область,49.55654,25.60593,FALSE,1/1/1942 00:00,,Тернопільська,
Чортківський,49.01514,25.79931,Чортків,povit,Чортківська округа,49.01514,25.79931,FALSE,1/1/1942 00:00,,Тернопільська,
Чортківський (міський),49.01514,25.79931,Чортків,raion,Чортківський повіт,49.01514,25.79931,FALSE,1/1/1942 00:00,,Тернопільська,
Чортківський (сільський),49.01514,25.79931,Чортків,raion,Чортківський повіт,49.01514,25.79931,FALSE,1/1/1942 00:00,,Тернопільська,
Колиндянський,48.96526,25.94803,Колиндяни,raion,Чортківський повіт,49.01514,25.79931,FALSE,1/1/1942 00:00,,Тернопільська,
Білівський,49.03745,25.75528,Біла,raion,Чортківський повіт,49.01514,25.79931,FALSE,1/1/1942 00:00,,Тернопільська,
Білобожницький,49.05100,25.66689,Білобожниця,raion,Чортківський повіт,49.01514,25.79931,FALSE,1/1/1942 00:00,,Тернопільська,
Ягільницький,48.94185,25.74446,Ягільниця,raion,Чортківський повіт,49.01514,25.79931,FALSE,1/1/1942 00:00,,Тернопільська,
Борщівський,48.79970,26.04545,Борщів,povit,Чортківська округа,49.01514,25.79931,FALSE,1/1/1942 00:00,,Тернопільська,
Борщівський,48.79970,26.04545,Борщів,raion,Борщівський повіт,48.79970,26.039014,FALSE,1/1/1942 00:00,,Тернопільська,
Скала-Подільський,48.85223,26.19893,Скала-Подільський,raion,Борщівський повіт,48.79970,26.039015,FALSE,1/1/1942 00:00,,Тернопільська,
Мельниця-Подільський,48.60630,26.16801,Мельниця-Подільська,raion,Борщівський повіт,48.79970,26.039016,FALSE,1/1/1942 00:00,,Тернопільська,
Більче-Золотецький,48.77771,25.88116,Більче-Золоте,raion,Борщівський повіт,48.79970,26.039017,FALSE,1/1/1942 00:00,,Тернопільська,
Заліщицький,48.65238,25.73514,Заліщики,povit,Чортківська округа,49.01514,25.79931,FALSE,1/1/1942 00:00,,Тернопільська,
Заліщицький,48.65238,25.73514,Заліщики,raion,Заліщицький повіт,48.65238,25.73514,FALSE,1/1/1942 00:00,,Тернопільська,
Тлустенський,48.84847,25.72546,Товсте,raion,Заліщицький повіт,48.65238,25.73514,FALSE,1/1/1942 00:00,,Тернопільська,
Синьківський,48.61371,25.95229,Синьків,raion,Заліщицький повіт,48.65238,25.73514,FALSE,1/1/1942 00:00,,Тернопільська,
Бучацький,49.06304,25.38097,Бучач,povit,Чортківська округа,49.01514,25.79931,FALSE,1/1/1942 00:00,,Тернопільська,
Бучацький,49.06304,25.38097,Бучач,raion,Бучацький повіт,49.06304,25.38097,FALSE,1/1/1942 00:00,,Тернопільська,
Монастириський,49.09273,25.16555,Монастириська,raion,Бучацький повіт,49.06304,25.38097,FALSE,1/1/1942 00:00,,Тернопільська,
Бариський,49.02271,25.25716,Бариш,raion,Бучацький повіт,49.06304,25.38097,FALSE,1/1/1942 00:00,,Тернопільська,
Золотопотіцький,48.90729,25.33861,Золотий Потік,raion,Бучацький повіт,49.06304,25.38097,FALSE,1/1/1942 00:00,,Тернопільська,
Коропецький,48.93722,25.17884,Коропець,raion,Бучацький повіт,49.06304,25.38097,FALSE,1/1/1942 00:00,,Тернопільська,
Бережанська,49.44773,24.95110,Бережани,okruga,Тернопільська область,49.55654,25.60593,FALSE,1/1/1942 00:00,,Тернопільська,
Бережанський (міський),49.44773,24.95110,Бережани,raion,Бережанський повіт,49.44773,24.95110,FALSE,1/1/1942 00:00,,Тернопільська,
Бережанський (сільський),49.44773,24.95110,Бережани,raion,Бережанський повіт,49.44773,24.95110,FALSE,1/1/1942 00:00,,Тернопільська,
Бережанський,49.44773,24.95110,Бережани,povit,Бережанська округа,49.44773,24.95110,FALSE,1/1/1942 00:00,,Тернопільська,
Козівський,49.43077,25.16054,Козова,raion,Бережанський повіт,49.44773,24.95110,FALSE,1/1/1942 00:00,,Тернопільська,
Нараївський,49.52963,24.77345,Нараїв,raion,Бережанський повіт,49.44773,24.95110,FALSE,1/1/1942 00:00,,Тернопільська,
Будилівський,49.52627,25.24474,Будилів,raion,Бережанський повіт,49.44773,24.95110,FALSE,1/1/1942 00:00,,Тернопільська,
Перемишлянський,49.67037,24.55872,Перемишляни,povit,Бережанська округа,49.44773,24.95110,FALSE,1/1/1942 00:00,,Тернопільська,
Перемишлянський,49.67037,24.55872,Перемишляни,raion,Перемишлянський повіт,49.67037,24.55872,FALSE,1/1/1942 00:00,,Тернопільська,
Дунаївський,49.61669,24.82747,Дунаїв,raion,Перемишлянський повіт,49.67037,24.55872,FALSE,1/1/1942 00:00,,Тернопільська,
Свірзький,49.65148,24.43365,Свірж,raion,Перемишлянський повіт,49.67037,24.55872,FALSE,1/1/1942 00:00,,Тернопільська,
Підгаєцький,49.27745,25.13102,Підгайці,povit,Бережанська округа,49.44773,24.95110,FALSE,1/1/1942 00:00,,Тернопільська,
Підгаєцький,49.27745,25.13102,Підгайці,raion,Підгаєцький повіт,49.27745,25.13102,FALSE,1/1/1942 00:00,,Тернопільська,
Золотниківський,49.28726,25.38951,Золотники,raion,Підгаєцький повіт,49.27745,25.13102,FALSE,1/1/1942 00:00,,Тернопільська,
Новосільський,49.30142,25.19086,Новосілка,raion,Підгаєцький повіт,49.27745,25.13102,FALSE,1/1/1942 00:00,,Тернопільська,
Горожанський,49.14771,24.91023,Горожанка,raion,Підгаєцький повіт,49.27745,25.13102,FALSE,1/1/1942 00:00,,Тернопільська,
Голгочанський,49.18849,25.15122,Голгоча,raion,Підгаєцький повіт,49.27745,25.13102,FALSE,1/1/1942 00:00,,Тернопільська,
Зборівський,49.66473,25.14043,Зборів,povit,Бережанська округа,49.44773,24.95110,FALSE,1/1/1942 00:00,,Тернопільська,
Зборівський,49.66473,25.14043,Зборів,raion,Зборівський повіт,49.66473,25.14043,FALSE,1/1/1942 00:00,,Тернопільська,
Поморянський,49.62997,24.93972,Поморяни,raion,Зборівський повіт,49.66473,25.14043,FALSE,1/1/1942 00:00,,Тернопільська,
Залозецький,49.80021,25.38491,Залізці,raion,Зборівський повіт,49.66473,25.14043,FALSE,1/1/1942 00:00,,Тернопільська,
Озернянський,49.62550,25.33143,Озерна,raion,Зборівський повіт,49.66473,25.14043,FALSE,1/1/1942 00:00,,Тернопільська,
Збаразький,49.66209,25.77517,Збараж,povit,Тернопільська округа,49.55654,25.60593,FALSE,1/1/1942 00:00,,Тернопільська,
Збаразький,49.66209,25.77517,Збараж,raion,Збаразький повіт,49.66209,25.77517,FALSE,1/1/1942 00:00,,Тернопільська,
Максимівський,49.60195,25.90106,Максимівка,raion,Збаразький повіт,49.66209,25.77517,FALSE,1/1/1942 00:00,,Тернопільська,
Кошляківський,49.67819,26.14546,Кошляки,raion,Збаразький повіт,49.66209,25.77517,FALSE,1/1/1942 00:00,,Тернопільська,