place,latitude,longitude,current_name,type,parent_node,creation_date,comment,oblast
Житомир,50.25465,28.6586669,,"oblast, raion",Київ,1941-07-11 00:00:00,,Житомирська
Троянівка Житомирського р-ну,50.113333,28.523056,,raion,Житомир,1941-07-11 00:00:00,,Житомирська
Попільня (за ін. даними центр округи був в Андрушівці),49.9451487,29.4560736,,"okruga, raion",Житомир,1941-07-11 00:00:00,,Житомирська
Андрушівка,50.0312719,29.0216369,,raion,Попільня,1941-07-11 00:00:00,,Житомирська
Вчорайше,49.8633246,29.1444626,,raion,Попільня,1941-26-07,,Житомирська
Корнин,50.0920849,29.5436691,,raion,Попільня,1941-12-01 00:00:00,,Житомирська
Ружин,49.7220862,29.2112498,,raion,Попільня,1941-07-18 00:00:00,,Житомирська
Бердичів,49.9106591,28.5900313,,"okruga, raion",Житомир,1941-07-16 00:00:00,,Житомирська
Чуднів,50.05569300000001,28.1177,,raion,Бердичів,1941-08-01 00:00:00,,Житомирська
Янушпіль,49.8617413,28.2095746,Іванопіль Чуднівського р-ну,raion,Бердичів,1941-08-01 00:00:00,,Житомирська
с. Стрибіж Пулинського р-ну (центр Червоноармійського р-ну ОУН),50.3965872,28.1603933,Червоноармійський р-н - нині Пулинський,"okruga, raion",Житомир,1941-07-11 00:00:00,,Житомирська
Хорошів (екс-Володарськ-Волинський),50.6013484,28.4338013,,raion,Стрибіж,1941-07-11 00:00:00,,Житомирська
Бараші Ємільчинського р-ну,50.7134086,28.0232983,,raion,Стрибіж,1941-07-11 00:00:00,,Житомирська
Черняхів,50.454046,28.6735505,,raion,Стрибіж,1941-07-11 00:00:00,,Житомирська
Звягель (провід округи був у м. Корці Рівненської обл.),50.58602029999999,27.6363775,Новоград-Волинський,"okruga, raion","Житомир, Рівне??",1941-08-01 00:00:00,"Провід округи був у Корці Рівненської обл. Імовірно входила до Волинського крайового проводу. Відповідно, як позначити її зв'язок - хз",Житомирська
Ярунь Новоград-Волинського р-ну,50.5444572,27.4705256,,raion,Корець Рівненської обл.,1941-08-01 00:00:00,,Житомирська
Городниця Новоград-Волинського р-ну,50.8105808,27.3166945,,raion,Корець Рівненської обл.,1941-08-01 00:00:00,,Житомирська
Коростень,50.9532135,28.6457544,,"okruga, raion",Житомир,1941-08-08 00:00:00,,Житомирська
Чоповичі,50.8341358,28.9512311,,raion,Коростень,1941-08-08 00:00:00,,Житомирська
Малин,50.7696795,29.2604876,,raion,Коростень,1941-07-23 00:00:00,,Житомирська
Овруч,51.3268314,28.8028968,,okruga,Житомир,1941-08-23 00:00:00,,Житомирська
Радомишль,50.4965282,29.2337369,,raion,???,1941-12-01 00:00:00,,Житомирська
Брусилів,50.28757419999999,29.5094362,,raion,???,1941-08-01 00:00:00,,Житомирська
Проскурів,49.422983,26.9871331,Хмельницький,"oblast, okruga, raion",Київ,1941-07-17 00:00:00,,Хмельницька
Деражня,49.2672882,27.4321477,,raion,Проскурів,1941-08-01 00:00:00,,Хмельницька
Чемерівці,49.0186498,26.3397803,,nadraion,Проскурів,1941-07-17 00:00:00,,Хмельницька
Оринин Кам'янець-Подільського району,48.7629336,26.3908792,,raion,Проскурів,1941-07-17 00:00:00,,Хмельницька
"с. Кадиївці Кам'янець-Подільського р-ну 
(Кам'янець-Подільський окружний провід)",48.7076244,26.4403741,,okruga,Кам'янець-Подільський,1941-07-19 00:00:00,,Хмельницька
Летичів,49.385028,27.6242251,,"okruga, nadraion, raion",Кам'янець-Подільський,1941-08-01 00:00:00,,Хмельницька
Меджибіж,49.4389042,27.4042153,,raion,Летичів,1941-08-01 00:00:00,,Хмельницька
Дунаївці,48.8922474,26.8603864,,nadraion,Летичів,1941-07-19 00:00:00,,Хмельницька
Старокостянтинів,49.7546828,27.2121595,,okruga,Вінниця; Проскурів,1941-07-18 00:00:00,,Хмельницька
Остропіль,49.8077202,27.5558184,Старий Остропіль Старокостянтинівського р-ну,raion,Старокостянтинів,1941-07-18 00:00:00,,Хмельницька
Стара Синява,49.596605,27.6251725,,raion,Старокостянтинів,1941-07-18 00:00:00,,Хмельницька
Гриців Шепетівського р-ну,49.97618929999999,27.2264289,,raion,Старокостянтинів,1941-07-18 00:00:00,,Хмельницька
Красилів,49.64920230000001,26.9757217,,raion,Старокостянтинів,1941-07-18 00:00:00,,Хмельницька
Ярмолинці,49.189578,26.8447254,,"okruga, raion",Кам'янець-Подільський,1941-07-19 00:00:00,,Хмельницька
Солобківці,49.0860047,26.9212431,,raion,Ярмолинці,1941-07-19 00:00:00,,Хмельницька
Волочиськ,49.5345161,26.2093072,,raion,Ярмолинці,1941-07-03 00:00:00,,Хмельницька
Ляхівці,48.561366,22.4780848,,raion,Ярмолинці,1941-07-19 00:00:00,,Хмельницька
Ізяслав,50.1191124,26.8281141,,raion,Ярмолинці,1941-07-19 00:00:00,,Хмельницька
Північна округа (центр поки невідомий),37.09024,-95.712891,,okruga,Кам'янець-Подільський,,,Хмельницька
Славута,50.2969058,26.8600648,,raion,???,1941-08-01 00:00:00,,Хмельницька
Довжок,48.6747626,26.5297693,,raion,???,1941-07-19 00:00:00,,Хмельницька
Шепетівка,50.1757487,27.0559924,,raion,???,1941-07-19 00:00:00,,Хмельницька
Київ,50.4501,30.5234,,"kray, oblast",Львів,,,Київська
Біла Церква Київської обл.,49.7967977,30.1310853,,"okruga, raion, nadraion",Київ,1941-08-01 00:00:00,,Київська
Великополовецьке Київської обл.,49.8700306,29.94314079999999,,raion,Біла Церква,1941-08-01 00:00:00,,Київська
Гребінки Київської обл.,49.9550557,30.1778779,,raion,Біла Церква,1941-08-01 00:00:00,,Київська
Узин Київської обл.,49.82478829999999,30.4053369,,raion,Біла Церква,1941-08-01 00:00:00,,Київська
Рокитне Київської обл.,49.6911802,30.4780154,,raion,Біла Церква,1941-08-01 00:00:00,,Київська
Ставище Київської обл.,49.3909134,30.1988199,,raion,Біла Церква,1941-08-01 00:00:00,,Київська
Володарка Київської обл.,49.5265342,29.9197237,,raion,Біла Церква,1941-08-01 00:00:00,"Районного проводу не було, лише два кущові проводи.",Київська
Сквира Київської обл.,49.7328752,29.6642903,,raion,Біла Церква,1941-08-01 00:00:00,,Київська
Тетіїв Київської обл.,49.3663943,29.6583812,,raion,Біла Церква,1941-08-01 00:00:00,,Київська
Тараща Черкаської обл.,49.347264,31.1215659,,raion,Біла Церква,1941-08-01 00:00:00,До грудня 1942 р. мав зв'язок з БЦ окружним проводом,Київська
Васильків Київської обл.,50.1770891,30.3196385,,"okruga, raion, nadraion",Київ,1941-08-01 00:00:00,,Київська
Фастів Київської обл.,50.0637682,29.90496839999999,,raion,Васильків,1941-08-01 00:00:00,,Київська
Обухів Київської обл.,50.109938,30.6298846,,raion,Васильків,1941-08-01 00:00:00,,Київська
Бишів Київської обл.,50.264608,29.8835744,,raion,Васильків,1941-07-10 00:00:00,,Київська
Макарів Київської обл.,50.4573262,29.8126551,,raion,???,1941-07-10 00:00:00,"незрозуміло, яка округа. Можливо, Васильківська.",Київська
Ржищів Київської обл.,49.9657673,31.0432748,,raion,???,1941-08-21 00:00:00,"незрозуміло, яка округа",Київська
Переяслав Київської обл.,50.0715832,31.4501543,,"okruga, raion",Київ,1941-09-17 00:00:00,,Київська
Бориспіль Київської обл.,50.3482,30.95615,,raion,Переяслав,1941-09-20 00:00:00,,Київська
Березань Київської обл.,50.3070969,31.46433,,raion,Переяслав,1941-09-17 00:00:00,,Київська
Баришівка Київської обл.,50.350705,31.3188908,,raion,Переяслав,1941-09-21 00:00:00,,Київська
Кагарлик Київської обл.,49.8620646,30.8192399,,raion,,1941-08-03 00:00:00,осередки в селах району,Київська
Бровари Київської обл.,50.511083,30.7909,,raion,Біла Церква,1941-09-19 00:00:00,осередки в селах району Семиполки та Вигурівщина.,Київська
Сучасна Черкаська область:,49.4120508,32.1051085,,,Переяслав,,,Київська
Умань Черкаської обл.,48.74939269999999,30.2214499,,"okruga, raion",,1941-08-01 00:00:00,,Київська
Бабанка Черкаської обл.,48.710098,30.4502572,,raion,Київ,1941-08-01 00:00:00,,Київська
Христинівка Черкаської обл.,48.8117212,29.9738949,,raion,Умань,1941-08-01 00:00:00,,Київська
Тальне Черкаська обл.,48.887593,30.7044131,,raion,Умань,1941-08-01 00:00:00,,Київська
Маньківка Черкаська обл.,48.9614468,30.3375126,,raion,Умань,1941-08-01 00:00:00,,Київська
Ладижинка Черкаська обл.,48.5397574,30.23984,,raion,Умань,1941-08-01 00:00:00,,Київська
Буки Черкаської обл.,49.0945366,30.4050589,,raion,Умань,1941-08-01 00:00:00,,Київська
Підвисоке Новоархангелського р-ну Кіровоградської обл.,48.5761317,30.672081,,raion,Умань,1941-08-01 00:00:00,Уманський окружний провід. До 1959 р. райцентр.,Київська
Гайсин Вінницької обл.,48.8139473,29.3812035,,raion,Умань,1941-08-01 00:00:00,Уманський окружний провід.,Київська
Теплик Вінницької обл.,48.6633108,29.75078139999999,,raion,Умань,1941-08-01 00:00:00,Уманський окружний провід.,Київська
Джулинка Бершадського р-ну Вінницької обл.,48.4385377,29.75091,,raion,Умань,,Уманський окружний провід. У 1924-1959 рр. райцентр,Київська
Черкаси,49.444433,32.059767,,okruga,Умань,1941-09-01 00:00:00,,Київська
Корсунь(-Шевченківський) Черкаської обл.,49.4261119,31.2618527,,okruga,Київ,1941-09-01 00:00:00,,Київська
Богуслав,49.5405738,30.8772055,,raion,Київ,1941-09-01 00:00:00,Спершу входив до складу Корсунської округи. Від жовтня 1943 р. - у складі БЦ округи.,Київська
Лисянка Черкаської обл.,49.2626871,30.830724,,raion,Корсунь; Біла Церква,1941-09-01 00:00:00,"У жовтні 1943 р. Богуславський, Лисянський і Миронівський р-ни підпорядкували БЦ окрузі.",Київська
Шпола Черкаської обл.,48.9969392,31.4022422,,raion,Корсунь; Біла Церква,1941-09-01 00:00:00,,Київська
Миронівка Черкаської обл.,49.665033,30.9894691,,raion,???,1941-09-01 00:00:00,,Київська
Канів Черкаської обл.,49.751033,31.4697,,raion,Корсунь; Біла Церква,1941-09-01 00:00:00,,Київська
Звенигородка Черкаської обл.,49.0762064,30.9699903,,"okruga, raion",???,1941-09-01 00:00:00,,Київська
Кам'янка Черкаської обл.,49.0306474,32.1150933,,raion,Київ,1941-09-01 00:00:00,,Київська
Жашків Черкаської обл.,49.2462205,30.10178999999999,,raion,Звенигородка,1941-09-01 00:00:00,,Київська
Сміла,49.227717,31.8522329,,raion,Звенигородка,1941-09-01 00:00:00,,Київська
Суми,50.9077,34.7981,,oblast,Звенигородка,1942-01-01 00:00:00,,Сумська
Краснопілля,50.7671084,35.26766600000001,,okruga,Суми,1942-01-01 00:00:00,,Сумська
Ромни,50.7415087,33.4809526,,raion,,1942-01-01 00:00:00,,Сумська
Лебедин,50.5837638,34.4904643,,okruga,Суми,1942-03-01 00:00:00,,Сумська
Конотоп,51.2409432,33.2050521,,okruga,Суми,1942-03-01 00:00:00,,Сумська
Кролевець,51.5489435,33.3860497,,raion,,1942-03-01 00:00:00,,Сумська
Дубов'язівка,51.1296375,33.3778584,,raion,,1942-03-01 00:00:00,,Сумська
Хотінь,51.0766861,34.7717911,,raion,,1942-01-01 00:00:00,,Сумська
Кіровоград,48.50793300000001,32.262317,Кропивницький,"oblast, raion",Дніпро,1941-08-05 00:00:00,,Кіровоградська
Олександрівка,48.9627867,32.2247365,,"okruga, raion",Кропивницький,1941-08-05 00:00:00,,Кіровоградська
Чигирин Черкаської обл.,49.0730544,32.6617808,,raion,Оександрівка,1941-08-05 00:00:00,,Кіровоградська
Олександрія,48.66327039999999,33.0967875,,"okruga, raion",Кропивницький,1941-09-02 00:00:00,,Кіровоградська
Онуфріївка,48.90580430000001,33.4527302,,raion,Олександрія,1941-08-05 00:00:00,,Кіровоградська
Знам'янка,48.7192002,32.6770961,,raion,Олександрія,1941-08-05 00:00:00,,Кіровоградська
Новогеоргіївськ, 49.083820 ,33.084803,"нині не існує, затоплений водосховищем",raion,Олександрія,1941-08-05 00:00:00,https://uk.wikipedia.org/wiki/Новогеоргіївськ,Кіровоградська
Єлисаветградка Олександрівського р-ну,48.7974097,32.4076765,,raion,Кропивницький,1941-08-05 00:00:00,,Кіровоградська
Новоукраїнка,48.3226457,31.5187617,,raion,Кропивницький,1941-12-01 00:00:00,,Кіровоградська
Велика Виска Маловисківського р-ну,48.56203559999999,31.8499174,,raion,Кропивницький,1941-08-05 00:00:00,,Кіровоградська
Піщаний Брід Добровеличківського р-ну,48.2869158,31.3182611,,raion,Кропивницький,1941-08-05 00:00:00,,Кіровоградська
Рівне Новоукраїнського р-ну,48.2508214,31.7534725,,raion,Кропивницький,1941-09-15 00:00:00,,Кіровоградська
Нова Прага Олександрійського р-ну,48.5582238,32.9001451,,raion,Кропивницький,1941-08-05 00:00:00,,Кіровоградська
Знам'янка,48.7192002,32.6770961,,raion,Кропивницький,1941-08-05 00:00:00,,Кіровоградська
ст. Помічна Добровеличківського р-ну,48.2465578,31.4060472,,raion,Кропивницький,1941-08-05 00:00:00,,Кіровоградська
Бобринець,48.0581761,32.1610803,,raion,Кропивницький,1941-08-05 00:00:00,,Кіровоградська
Голованівськ Кіровоградської обл.,48.3843573,30.4626205,,raion,Кропивницький,1941-08-05 00:00:00,до 1954 р. - у складі Одеської обл.,Кіровоградська
Грушка Кіровоградської обл.,48.3442465,30.2894904,"Благовіщенське, не плутати з іншою Грушкою неподалік",raion,Кропивницький,1941-08-05 00:00:00,до 1954 р. - у складі Одеської обл.,Кіровоградська
Новомиргород Кіровоградської обл.,48.7907203,31.6582633,,raion,Кропивницький,1941-12-01 00:00:00,,Кіровоградська
Івангород Кіровоградської обл.,48.90137499999999,32.2371023,,raion,Кропивницький,1941-08-05 00:00:00,,Кіровоградська
Новоархангельськ Кіровоградської обл.,48.6658441,30.817434,,raion,Кропивницький,1941-08-05 00:00:00,,Кіровоградська
Мала Виска Кіровоградської обл.,48.6435934,31.6294299,,raion,Кропивницький,1941-12-01 00:00:00,,Кіровоградська
Кам'янка Кіровоградської обл.,48.7907082,31.7403194,,raion,Кропивницький,1941-08-05 00:00:00,,Кіровоградська
Хмельове Маловисківського району Кіровоградської області,48.56734549999999,31.3963231,,raion,Кропивницький,1941-12-01 00:00:00,У 1939-1962 рр. - райцентр Кіровоградської обл.,Кіровоградська
Аджамка Бобринецького р-ну Кіровоградської обл.,48.50793300000001,32.262317,,raion,Кропивницький,1941-08-05 00:00:00,До 1959 р. райцентр.,Кіровоградська
Червона Кам'янка Олександрійського р-ну Кіровоградської обл.,48.6483593,33.4539327,,raion,Кропивницький,1941-08-05 00:00:00,,Кіровоградська
Дніпропетровськ,48.464717,35.046183,,"oblast, kray",Львів,1941-09-03 00:00:00,Входили в безпосереднє підпорядкування обласного проводу,Дніпропетровська
Синельникове,48.3229038,35.521396,,raion,Дніпро,1941-09-03 00:00:00,Дніпродзержинська округа,Дніпропетровська
Васильківка,48.20618320000001,36.0226711,,raion,Дніпро,1941-09-03 00:00:00,Криворізька округа,Дніпропетровська
Новомосковськ,48.6329614,35.2241571,,raion,Дніпро,1941-09-03 00:00:00,Нікопольська округа,Дніпропетровська
Нижньодніпровськ,48.497477,35.06607899999999,,raion,Дніпро,1941-09-03 00:00:00,,Дніпропетровська
Перещепине,49.0140019,35.3644372,,raion,Дніпро,1941-09-03 00:00:00,,Дніпропетровська
Магдалинівка,48.9104774,34.9115965,,raion,Дніпро,1941-09-03 00:00:00,,Дніпропетровська
с. Покровка,43.9547041,131.6342014,,raion,Дніпро,1941-09-03 00:00:00,,Дніпропетровська
"с. Верхня Хортиця (за нім. окупації - Хортиця, відповідно р-н - Хортицький) Запорізької обл.",47.8601363,35.0714248,,raion,Дніпро,1943-03-01 00:00:00,,Дніпропетровська
Дніпродзержинськ,48.523117,34.613683,,okruga,Дніпро,1941-09-03 00:00:00,,Дніпропетровська
Кринички,48.3694747,34.4573326,,raion,Кам'янське,1941-09-03 00:00:00,,Дніпропетровська
Солоне,48.20400979999999,34.8732388,,raion,Кам'янське,1941-09-03 00:00:00,,Дніпропетровська
Верхньодніпровськ,48.6482135,34.336891,,raion,Кам'янське,1941-09-03 00:00:00,,Дніпропетровська
Кривий Ріг,47.910483,33.391783,,okruga,Дніпро,1941-10-14 00:00:00,1941-08-15 00:00:00,Дніпропетровська
Софіївка,48.7633692,30.2225276,,raion,Кривий Ріг,1941-10-14 00:00:00,,Дніпропетровська
Широке,47.693307,33.2682605,,raion,Кривий Ріг,1941-10-14 00:00:00,,Дніпропетровська
П'ятихатки,48.411634,33.6941624,,raion,Кривий Ріг,1941-10-14 00:00:00,,Дніпропетровська
Апостолове,47.660528,33.7205403,,raion,Кривий Ріг,1941-10-14 00:00:00,,Дніпропетровська
Божедарівка (екс-Щорськ),48.351808,34.1143149,,raion,Кривий Ріг,1941-10-14 00:00:00,,Дніпропетровська
Сталіндорф,47.8994195,33.9293848,,raion,Кривий Ріг,1941-10-14 00:00:00,,Дніпропетровська
Нікополь,47.56746,34.394815,,"okruga, raion",Дніпро,1941-09-03 00:00:00,,Дніпропетровська
Томаківка,47.8172631,34.7548713,,raion,Нікополь,1941-09-03 00:00:00,,Дніпропетровська
Кам'янка Нікопольського р-ну,47.4870901,34.4167362,,raion,Нікополь,1941-09-03 00:00:00,,Дніпропетровська
Велика Лепетиха Херсонської обл.,47.1634031,33.9366442,,raion,Нікополь,1941-09-03 00:00:00,,Дніпропетровська
Павлоград,48.5294478,35.9032574,,raion,??,1941-09-03 00:00:00,,Дніпропетровська
Петриківка,48.7294942,34.6324038,,raion,??,1941-09-03 00:00:00,,Дніпропетровська
Полтава,49.58826699999999,34.5514169,,oblast,Київ,1941-10-01 00:00:00,,Полтавська
Покровська Багачка Хорольського р-ну Полтавської обл.,49.8614632,33.149491,,raion,Полтава,1941-10-01 00:00:00,імовірно напряму обласному проводу,Полтавська
Решетилівка Полтавської обл.,49.565935,34.066522,,raion,Полтава,1941-09-16 00:00:00,імовірно напряму обласному проводу,Полтавська
Диканька Полтавської обл.,49.823894,34.5260962,,raion,Полтава,1941-10-01 00:00:00,напряму обласному проводу,Полтавська
Нехвороща Полтавської обл.,49.1501898,34.7067765,,raion,Полтава,1941-10-01 00:00:00,напряму обласному проводу,Полтавська
Шишаки Полтавської обл.,49.883255,34.0040404,,raion,Полтава,1941-10-01 00:00:00,імовірно напряму обласному проводу,Полтавська
Нові Санжари Полтавської обл.,49.3415098,34.3130402,,raion,Полтава,1941-11-01 00:00:00,напряму обласному проводу,Полтавська
Зіньків Полтавської обл.,50.2046322,34.3638533,,raion,Полтава,1941-10-01 00:00:00,імовірно напряму обласному проводу,Полтавська
Яготин Полтавської обл.,50.2568193,31.781765,,"okruga, raion",Київ,1942-01-01 00:00:00,"не мав зв'яку з областю, підпорядковувався напряму Києву",Полтавська
Ковалівка Полтавської обл.,49.61408549999999,34.7080345,,raion,Яготин,1942-01-01 00:00:00,,Полтавська
Пирятин Полтавської обл.,50.2394849,32.5070927,,raion,Яготин,1942-01-01 00:00:00,,Полтавська
Гребінка Полтавської обл.,50.11866699999999,32.4522028,,raion,Яготин,1942-01-01 00:00:00,,Полтавська
Лубни Полтавської обл.,50.0168687,32.9998088,,raion,Яготин,1941-09-16 00:00:00,імовірно,Полтавська
Лохвиця Полтавської обл.,50.35887229999999,33.2590348,,raion,Яготин,1941-10-01 00:00:00,імовірно,Полтавська
Чорнухи Полтавської обл.,50.274287,32.9356191,,raion,Яготин,1941-10-01 00:00:00,Імовірно,Полтавська
Золотоноша Черкаська обл.,49.6617919,32.0477111,,okruga,Київ,1941-10-01 00:00:00,До 1954 - у складі Полтавської обл.,Полтавська
Гельмязів Черкаська обл.,49.8278712,31.8403945,,raion,Золотоноша,1941-10-01 00:00:00,до 1954 р. в складі Полтавської обл.,Полтавська
Чорнобай Черкаська обл.,49.66046499999999,32.3448813,,raion,Золотоноша,1941-10-01 00:00:00,до 1954 р. в складі Полтавської обл.,Полтавська
Іркліїв Черкаської обл.,49.5202597,32.3295764,,raion,Золотоноша,1941-10-01 00:00:00,до 1954 р. в складі Полтавської обл.,Полтавська
Оржиця Полтавської обл.,49.7823801,32.6831136,,raion,Золотоноша,1941-10-01 00:00:00,,Полтавська
Драбів Черкаської обл.,49.9527845,32.1384703,,raion,Золотоноша,1941-10-01 00:00:00,Імовірно. до 1954 р. в складі Полтавської обл.,Полтавська
Кременчук Полтавської обл.,49.065783,33.410033,,okruga,Полтава,1941-10-01 00:00:00,"округа (за даними наркома Меркулова і схеми НКДБ), за ін. даними - район",Полтавська
Градизьк Полтавської обл.,49.2302517,33.12643070000001,,raion,Кременчук,1941-11-01 00:00:00,Імовірно,Полтавська
Кишеньки Полтавської обл.,48.8931968,34.1032065,,raion,Київ,1941-10-01 00:00:00,Осередок заклали пресдтавники Київського підпілля і підкорявся він безпосередньо Київському проводові,Полтавська
Харків,49.9935,36.230383,,oblast,,1941-10-24 00:00:00,"За словами спеціалістів, бандерівці не мали в області осередків окрім самого Харкова",Харківська
Запоріжжя,47.8388,35.139567,,"oblast, okruga, raion",Дніпро,1941-10-04 00:00:00,,Запорізька
Василівка,47.4414731,35.2867265,,raion,Запоріжжя,1941-10-25 00:00:00,,Запорізька
Михайлівка,47.2593733,35.2181649,,raion,Запоріжжя,1941-10-25 00:00:00,,Запорізька
Мелітополь,46.8550216,35.3586996,,okruga,Запоріжжя,1941-10-25 00:00:00,округою став у квітні 1942,Запорізька
Осипенко,44.7350928,33.5627,Бердянськ,"okruga, raion",Запоріжжя,1941-10-04 00:00:00,"за ін. даними, лише районний провід",Запорізька
Андріївка,50.5496104,29.8376835,,raion,Осипенко,1941-10-04 00:00:00,,Запорізька
Ногайськ,46.7230781,36.354122,Приморськ,raion,Осипенко,1941-10-04 00:00:00,,Запорізька
Великий Токмак,47.2464085,35.7098365,Токмак,raion,Запоріжжя,1941-11-01 00:00:00,,Запорізька
Новомиколаївка,47.9767667,35.9095015,,raion,"Невідомо, можливо не підпорядковувався області",1942-08-01 00:00:00,,Запорізька
Гуляйполе,47.6607145,36.2732383,,raion,Запоріжжя,1941-10-04 00:00:00,,Запорізька
Пологи,47.4726793,36.2625494,,raion,Запоріжжя,1941-10-04 00:00:00,,Запорізька
Сталіно,48.015883,37.80285,Донецьк,"oblast, okruga",Дніпро,1942-02-01 00:00:00,,Донецька
Дружківка,48.6161912,37.52721870000001,,raion,Донецьк,1942-02-01 00:00:00,,Донецька
Авдіївка,48.136596,37.7491336,,raion,Донецьк,1942-02-01 00:00:00,,Донецька
Макіївка,48.0459557,37.9666901,,raion,Донецьк,1942-02-01 00:00:00,,Донецька
Чистякове,48.0201627,38.6545257,,raion,Донецьк,1942-02-01 00:00:00,,Донецька
Ольгинка,44.20410649999999,38.887634,,raion,Донецьк,1942-02-01 00:00:00,,Донецька
Єнакіїве, 48.217082,38.204048 ,,raion,Донецьк,1942-02-01 00:00:00,,Донецька
Селидове,48.1475145,37.297136,,raion,Донецьк,1942-02-01 00:00:00,,Донецька
Красноармійськ,48.282193,37.1847804,Покровськ,raion,Донецьк,1942-02-01 00:00:00,,Донецька
Дебальцеве,48.3340595,38.4062034,,raion,Донецьк,1942-02-01 00:00:00,,Донецька
Мар'їнка,47.9422861,37.5040301,,raion,Донецьк,1942-02-01 00:00:00,,Донецька
Маріуполь,47.097133,37.543367,,okruga,Донецьк,1941-10-08 00:00:00,,Донецька
Волноваха,47.5951141,37.4831419,,raion,Маріуполь,1942-05-01 00:00:00,,Донецька
Будьоннівське, 47.113431,38.086273 ,Новоазовськ,raion,Маріуполь,1941-10-08 00:00:00,,Донецька
Царекостянтинівка (Куйбишеве) Запорізької обл.,47.362806,36.6529331,Більмак,raion,Маріуполь,1941-10-08 00:00:00,,Донецька
Горлівка,48.3071,38.029633,,okruga,Донецьк,1942-05-01 00:00:00,,Донецька
Артемівськ,48.5986674,37.9980367,Бахмут,raion,Горлівка,1942-05-01 00:00:00,,Донецька
Слов'янськ,48.8532,37.6053001,,raion,Горлівка,1942-05-01 00:00:00,,Донецька
Краматорськ,48.738967,37.58435,,raion,Горлівка,1942-05-01 00:00:00,,Донецька
Костянтинівка,48.52394289999999,37.7075811,,raion,Горлівка,1942-05-01 00:00:00,,Донецька
Чернігівка Запорізької обл.,47.1882662,36.2107475,,raion,Горлівка,1942-05-01 00:00:00,,Донецька
Рутченкове,47.967098,37.686748,,oseredok,Невідомо якого рівня,1942-02-01 00:00:00,,Донецька
Ясинувата,48.1221425,37.87659439999999,,oseredok,Невідомо якого рівня,1942-02-01 00:00:00,,Донецька
Іловайськ,47.9257046,38.1957157,,oseredok,Невідомо якого рівня,1942-02-01 00:00:00,,Донецька
Новоекономічне,48.3358875,37.3255293,,oseredok,Невідомо якого рівня,1942-02-01 00:00:00,,Донецька
Красногорівка,48.0093421,37.5091505,,oseredok,Невідомо якого рівня,1942-02-01 00:00:00,,Донецька
Комсомольськ (нині у складі Горлівки),48.3071,38.029633,Микитівський р-н у складі Горлівки,oseredok,Невідомо якого рівня,1942-02-01 00:00:00,,Донецька
Новогорлівка,48.296525,38.13160999999999,,oseredok,Невідомо якого рівня,1942-02-01 00:00:00,,Донецька
Миколаїв,46.975033,31.99458289999999,,"oblast, okruga",Дніпропетровськ,1941-09-01 00:00:00,,Миколаївська
Баштанка Миколаївської обл.,47.4098736,32.4412263,,raion,Миколаїв,1941-09-01 00:00:00,,Миколаївська
Привільне Баштанського р-ну Миколаївської обл.,47.4916814,32.2946203,,raion,Миколаїв,1941-09-01 00:00:00,,Миколаївська
Нова Одеса Миколаївської обл.,47.309181,31.7883933,,okruga,Миколаїв,1941-08-31 00:00:00,,Миколаївська
Казанка Миколаївської обл.,47.833957,32.8339239,,raion,Нова Одеса,1941-08-31 00:00:00,,Миколаївська
Новий Буг Миколаївської обл.,47.6968565,32.5038537,,raion,Нова Одеса,1941-08-31 00:00:00,,Миколаївська
Вознесенськ Миколаївської обл.,47.5605,31.336117,,okruga,Миколаїв,1941-08-15 00:00:00,,Миколаївська
Братське Миколаївської обл.,47.8676859,31.5766093,,raion,Вознесенськ,1941-08-15 00:00:00,,Миколаївська
Єланецьк Миколаївської обл.,47.6953092,31.8523332,,raion,Вознесенськ,1941-08-15 00:00:00,,Миколаївська
Херсон,46.635417,32.616867,,okruga,Миколаїв,1941-09-01 00:00:00,,Миколаївська
Білозерка Херсонської обл.,46.6267067,32.4413727,,raion,Херсон,1941-09-01 00:00:00,,Миколаївська
Снігурівка Миколаївської обл.,47.07537,32.8061775,,raion,Херсон,1941-09-01 00:00:00,,Миколаївська
Велика Олександрівка Херсонської обл.,47.3211543,33.3032699,,"okruga, raion",Миколаїв,1941-09-01 00:00:00,,Миколаївська
Нововоронцовка Херсонської обл.,47.498123,33.9169021,,raion,Велика Олександрівка,1941-09-01 00:00:00,,Миколаївська
Високопілля Херсонської обл.,47.488789,33.5317111,,raion,Велика Олександрівка,1941-09-01 00:00:00,,Миколаївська
Березнегувате Миколаївської обл.,47.3098306,32.8487692,,raion,Велика Олександрівка,1941-09-01 00:00:00,,Миколаївська
Каховка Херсонської обл.,46.8117208,33.4901963,,raion,Велика Олександрівка,1941-09-01 00:00:00,,Миколаївська
Вінниця,49.233083,28.4682169,,"oblast, okruga, raion, misto",Київ,,,Вінницька
Літин,49.3230985,28.0823146,,raion,Вінниця,,,Вінницька
Калинівка,49.448552,28.5226562,,"raion, nadraion",Вінниця,,,Вінницька
Козятин,49.7149346,28.8363647,,"okruga, nadraion, raion",Вінниця,,,Вінницька
Погребище,49.4863064,29.268579,,raion,Козятин,,,Вінницька
Самгородок Козятинського р-ну,49.5281078,28.8430257,,raion,Козятин,,,Вінницька
Плисків Погребищенського р-ну,49.3648569,29.2761104,,raion,Козятин,,,Вінницька
Гайсин,48.8139473,29.3812035,,"okruga, raion",Вінниця,,,Вінницька
Вороновиця,49.107373,28.691632,,raion,Вінниця,,,Вінницька
Хмільник,49.5510263,27.9382714,,"raion, nadraion",???,,,Вінницька
Дашів,48.9957904,29.4397153,,raion,Гайсин,,,Вінницька
Немирів,48.9749521,28.8474081,,raion,Гайсин,,,Вінницька
Липовець,49.2255122,29.0488875,,raion,Вінниця,,,Вінницька
Іллінці,49.1040007,29.2092738,,raion,Гайсин,,,Вінницька
Тиврів,49.0130083,28.5042197,,raion,Вінниця,,,Вінницька
Уланів Хмільницького р-ну,49.6911273,28.1308882,,raion,???,,,Вінницька
Джулин [відносився до Уманської округи Київської обл.],48.75013389999999,30.2193291,,raion,Умань,,,Вінницька
Теплик [відносився до Уманської округи Київської обл.],48.6633108,29.75078139999999,,raion,Умань,,,Вінницька
Турбів [відносився до Уманської округи Київської обл.],49.3448284,28.7228609,,raion,Умань,,,Вінницька
Бершадь,48.368954,29.5331654,,raion,Тульчин,,З кінця 1942 р. Трансністрія,Вінницька
Браїлів,49.1055022,28.1576316,,raion,Жмеринка,,З кінця 1942 р. Трансністрія,Вінницька
Ладижин,48.6838051,29.2476275,,raion,Гайсин,,,Вінницька
Тульчин Вінницької обл.,48.6739771,28.8563795,,"okruga, raion",Вінниця; Жмеринка,,З кінця 1942 р. Трансністрія,Вінницька
Могилів-Подільський+Яришів,48.5075062,27.6358339,,raion,Жмеринка,,З кінця 1942 р. Трансністрія,Вінницька
Жмеринка,49.0390512,28.1085937,,"okruga, raion",Вінниця,,У кінці 1942 р. Провід ОУН передав мережу в румунській зоні Вінницької обл. в підпорядкування Одеського обласного проводу (Трансністрії),Вінницька
Літин,49.3230985,28.0823146,,raion,Вінниця,,,Вінницька
Шаргород,48.7628865,28.0690462,,raion,Жмеринка,,З кінця 1942 р. Трансністрія,Вінницька
Станіславчик Жмеринського р-ну,48.97183769999999,28.1041838,,raion,Жмеринка,,З кінця 1942 р. Трансністрія,Вінницька
Ольгопіль,48.1895542,29.493392,,raion,Тульчин,,З кінця 1942 р. Трансністрія,Вінницька
Копайгород Вінницької обл.,48.854094,27.7996667,,raion,Жмеринка,,З кінця 1942 р. Трансністрія,Вінницька
Бар Вінницької обл.,49.0768482,27.6826121,,raion,Жмеринка,,З кінця 1942 р. Трансністрія,Вінницька
Одеса,46.482526,30.7233095,,"oblast, okruga, raion",Дніпро,1941-10-17 00:00:00,,Трансністрія (Одеська)
Біляївка Одеської обл.,46.4894881,30.2016232,,raion,Одеса,1941-10-17 00:00:00,,Трансністрія (Одеська)
Благоєве Одеської обл.,46.9345762,30.6492669,Великий Буялик Іванівського р-ну,raion,Одеса,1941-10-17 00:00:00,,Трансністрія (Одеська)
Овідіополь Одеської обл.,46.2519995,30.4372882,,raion,Одеса,1941-10-17 00:00:00,,Трансністрія (Одеська)
Троїцьке Одеської обл.,47.6370547,30.2882077,,raion,Одеса,1941-10-17 00:00:00,,Трансністрія (Одеська)
Жмеринка Вінницької обл.,49.0390512,28.1085937,,"okruga, raion","Вінниця, Одеса",1941-07-24 00:00:00,До кінця 1942 р. була у складі Вінницького обласного проводу,Трансністрія (Одеська)
Могилів-Подільський Вінницької обл.,48.4584391,27.7929285,,raion,Жмеринка,1941-07-24 00:00:00,"Спершу була округа. З кінця 1942 р. - районний провід, підпорядкований Жмеринській окрузі",Трансністрія (Одеська)
Шаргород Вінницької обл.,48.7628865,28.0690462,,raion,Жмеринка,1941-07-24 00:00:00,,Трансністрія (Одеська)
Копайгород Вінницької обл.,48.854094,27.7996667,,raion,Жмеринка,1941-07-24 00:00:00,,Трансністрія (Одеська)
Бар Вінницької обл.,49.0768482,27.6826121,,raion,Жмеринка,1941-07-24 00:00:00,,Трансністрія (Одеська)
Тульчин Вінницької обл.,48.6739771,28.8563795,,raion,Жмеринка,1941-07-24 00:00:00,"Певний час був окружний провід, потім став районним у складі Жмеринської округи",Трансністрія (Одеська)
Томашпіль Вінницької обл.,48.5509829,28.5162853,,"okruga, raion",Одеса,1941-07-21 00:00:00,,Трансністрія (Одеська)
Чернівці Вінницької обл.,48.5404811,28.108548,,raion,Томашпіль,,,Трансністрія (Одеська)
Ямпіль Вінницької обл.,48.2441219,28.2765218,,raion,Томашпіль,1941-07-22 00:00:00,,Трансністрія (Одеська)
Крижопіль Вінницької обл.,48.3849493,28.8673367,,raion,Томашпіль,1941-07-23 00:00:00,,Трансністрія (Одеська)
Кодима Одеської обл.,48.0999765,29.124263,,raion,Томашпіль,1941-07-23 00:00:00,,Трансністрія (Одеська)
Чечельник Вінницької обл.,48.2129069,29.3421635,,raion,Томашпіль,1941-07-25 00:00:00,,Трансністрія (Одеська)
Бершадь Вінницької обл.,48.368954,29.5331654,,raion,Томашпіль,1941-07-30 00:00:00,,Трансністрія (Одеська)
Балта Одеської обл.,47.9370871,29.6288401,,okruga,Одеса,1941-08-05 00:00:00,Середня округа,Трансністрія (Одеська)
Ананьїв Одеської обл.,47.714758,29.9913264,,raion,Балта,1941-08-08 00:00:00,,Трансністрія (Одеська)
"Тирасполь, Молдова",46.84818500000001,29.59680509999999,,raion,Балта,1941-08-11 00:00:00,,Трансністрія (Одеська)
Ширяєве Одеської обл.,47.3754941,30.1958353,,raion,Балта,1941-08-07 00:00:00,,Трансністрія (Одеська)
Дубоссари Молдова,47.2643942,29.1550348,,raion,Балта,1941-07-28 00:00:00,,Трансністрія (Одеська)
Рибниця Молдова,47.7665534,29.00352239999999,,raion,Балта,1941-08-06 00:00:00,,Трансністрія (Одеська)
Котовськ Одеської обл.,47.7585809,29.5339155,Подільськ,raion,Балта,1941-08-07 00:00:00,,Трансністрія (Одеська)
Окни Одеської обл.,47.535711,29.4562298,,raion,Балта,1941-08-07 00:00:00,,Трансністрія (Одеська)
Голта Миколаївської обл.,46.975033,31.99458289999999,Первомайськ,okruga,Одеса,1941-08-04 00:00:00,Прибузька (Первомайська) округа,Трансністрія (Одеська)
Очаків Миколаївської обл.,46.61876669999999,31.5387942,,raion,Первомайськ,1941-09-01 00:00:00,,Трансністрія (Одеська)
Варварівка Миколаївської обл.,46.9943234,31.9399289,,raion,Первомайськ,1941-09-01 00:00:00,,Трансністрія (Одеська)
Кодинцеве Лиманського р-ну Одеської обл.,46.82101429999999,30.9457904,Доброслав,raion,Первомайськ,1941-08-13 00:00:00,,Трансністрія (Одеська)
Мостове Доманівського р-ну Миколаївської обл.,47.4187581,30.9914888,,raion,Первомайськ,1941-08-06 00:00:00,,Трансністрія (Одеська)
Доманівка Миколаївської обл.,47.62789040000001,30.98985099999999,,raion,Первомайськ,1941-08-06 00:00:00,,Трансністрія (Одеська)
Вознесенськ Миколаївської обл.,47.5605,31.336117,,raion,Первомайськ,1941-09-08 00:00:00,,Трансністрія (Одеська)
Велика Врадіївка Миколаївської обл.,47.8658976,30.5905504,Врадіївка,raion,Первомайськ,1941-08-07 00:00:00,,Трансністрія (Одеська)
Криве Озеро Миколаївської обл.,47.9471775,30.34066189999999,,raion,Первомайськ,1941-08-04 00:00:00,,Трансністрія (Одеська)
Саврань Одеської обл.,48.1351158,30.077048,,raion,Первомайськ,1941-08-01 00:00:00,,Трансністрія (Одеська)
Березівка Одеської обл.,47.20382679999999,30.9163475,,raion,Первомайськ,1941-07-11 00:00:00,,Трансністрія (Одеська)
Сімферополь,44.952117,34.102417,,oblast,Дніпро,1941-11-01 00:00:00,,Крим
Ялта,44.4909462,34.1532687,,raion,Сімферополь,1941-11-01 00:00:00,,Крим
Алушта,44.67638300000001,34.41005,,raion,Сімферополь,1941-11-01 00:00:00,,Крим
Джанкой,45.7089869,34.3874785,,raion,Сімферополь,1941-11-01 00:00:00,,Крим
Бахчисарай,44.746091,33.8615643,,raion,Сімферополь,1941-11-01 00:00:00,,Крим
Ворошиловград,48.574041,39.307815,Луганськ,"oblast, okruga",Дніпро,1942-10-01 00:00:00,,Луганська
Ровеньки,48.0823858,39.3699771,,oseredok,Луганськ,1942-10-01 00:00:00,"На даний час неможливо визначити, якого рівня були осередки в містах Луганської області. 
Тому пропоную на карті позначати їх як райони, а в інформаційній довідці давати роз'яснення, що до чого",Луганська
Свердловськ,48.0764807,39.6707123,Довжанськ,oseredok,Луганськ,1942-10-01 00:00:00,,Луганська
Попасна,48.6282422,38.3727153,,oseredok,Луганськ,1942-10-01 00:00:00,,Луганська
Успенка,48.3909972,39.1524916,,oseredok,Луганськ,1942-10-01 00:00:00,,Луганська
Лисичанськ,48.9066145,38.4433606,,oseredok,Луганськ,1942-10-01 00:00:00,,Луганська
Сватове,49.4154809,38.156889,,oseredok,Луганськ,1942-10-01 00:00:00,,Луганська
Старобільськ,49.2736853,38.9255483,,oseredok,Луганськ,1942-10-01 00:00:00,,Луганська
Слов'яносербськ,48.6977477,38.9766469,,oseredok,Луганськ,1942-10-01 00:00:00,,Луганська
Ворошиловськ,48.4713393,38.8134406,Алчевськ,oseredok,Луганськ,1942-10-01 00:00:00,,Луганська
Лозно-Олександрівка,49.8398367,38.7382517,,oseredok,Луганськ,1942-10-01 00:00:00,,Луганська
Біловодськ,49.2088023,39.5896987,,oseredok,Луганськ,1942-10-01 00:00:00,,Луганська